ISO-10303-21;
HEADER;
/* Generated by software containing ST-Developer
 * from STEP Tools, Inc. (www.steptools.com) 
 */
/* OPTION: using custom schema-name function */

FILE_DESCRIPTION(
/* description */ (''),
/* implementation_level */ '2;1');

FILE_NAME(
/* name */ 'Genius_GM-6000_Tact_Switch_Silent_6x6_V0.1.stp',
/* time_stamp */ '2026-07-24T16:58:29+02:00',
/* author */ (''),
/* organization */ (''),
/* preprocessor_version */ 'ST-DEVELOPER v16',
/* originating_system */ ' ',
/* authorisation */ '');

FILE_SCHEMA (('AP203_CONFIGURATION_CONTROLLED_3D_DESIGN_OF_MECHANICAL_PARTS_AND_ASSEMBLIES_MIM_LF { 1 0 10303 403 2 1 2}'));
ENDSEC;

DATA;
#10=SHAPE_REPRESENTATION_RELATIONSHIP('None',
'relationship between Genius_GM-6000_Tact_Switch_Silent_6x6_V0.1-None 
and Genius_GM-6000_Tact_Switch_Silent_6x6_V0.1-None',#100,#11);
#11=ADVANCED_BREP_SHAPE_REPRESENTATION(
'Genius_GM-6000_Tact_Switch_Silent_6x6_V0.1-None',(#119,#120,#121,#122,
#123,#124),#4783);
#12=CC_DESIGN_APPROVAL(#24,(#90));
#13=CC_DESIGN_APPROVAL(#25,(#92));
#14=CC_DESIGN_APPROVAL(#26,(#31));
#15=APPROVAL_PERSON_ORGANIZATION(#69,#24,#18);
#16=APPROVAL_PERSON_ORGANIZATION(#70,#25,#19);
#17=APPROVAL_PERSON_ORGANIZATION(#71,#26,#20);
#18=APPROVAL_ROLE('approver');
#19=APPROVAL_ROLE('approver');
#20=APPROVAL_ROLE('approver');
#21=APPROVAL_DATE_TIME(#39,#24);
#22=APPROVAL_DATE_TIME(#40,#25);
#23=APPROVAL_DATE_TIME(#41,#26);
#24=APPROVAL(#27,' ');
#25=APPROVAL(#28,' ');
#26=APPROVAL(#29,' ');
#27=APPROVAL_STATUS('not_yet_approved');
#28=APPROVAL_STATUS('not_yet_approved');
#29=APPROVAL_STATUS('not_yet_approved');
#30=CC_DESIGN_SECURITY_CLASSIFICATION(#31,(#92));
#31=SECURITY_CLASSIFICATION(' ',' ',#32);
#32=SECURITY_CLASSIFICATION_LEVEL('confidential');
#33=CC_DESIGN_DATE_AND_TIME_ASSIGNMENT(#37,#35,(#90));
#34=CC_DESIGN_DATE_AND_TIME_ASSIGNMENT(#38,#36,(#31));
#35=DATE_TIME_ROLE('creation_date');
#36=DATE_TIME_ROLE('classification_date');
#37=DATE_AND_TIME(#52,#42);
#38=DATE_AND_TIME(#53,#43);
#39=DATE_AND_TIME(#54,#44);
#40=DATE_AND_TIME(#55,#45);
#41=DATE_AND_TIME(#56,#46);
#42=LOCAL_TIME(0,0,0.,#47);
#43=LOCAL_TIME(0,0,0.,#48);
#44=LOCAL_TIME(0,0,0.,#49);
#45=LOCAL_TIME(0,0,0.,#50);
#46=LOCAL_TIME(0,0,0.,#51);
#47=COORDINATED_UNIVERSAL_TIME_OFFSET(0,0,.BEHIND.);
#48=COORDINATED_UNIVERSAL_TIME_OFFSET(0,0,.BEHIND.);
#49=COORDINATED_UNIVERSAL_TIME_OFFSET(0,0,.BEHIND.);
#50=COORDINATED_UNIVERSAL_TIME_OFFSET(0,0,.BEHIND.);
#51=COORDINATED_UNIVERSAL_TIME_OFFSET(0,0,.BEHIND.);
#52=CALENDAR_DATE(0,1,1);
#53=CALENDAR_DATE(0,1,1);
#54=CALENDAR_DATE(0,1,1);
#55=CALENDAR_DATE(0,1,1);
#56=CALENDAR_DATE(0,1,1);
#57=CC_DESIGN_PERSON_AND_ORGANIZATION_ASSIGNMENT(#65,#61,(#90,#92));
#58=CC_DESIGN_PERSON_AND_ORGANIZATION_ASSIGNMENT(#66,#62,(#94));
#59=CC_DESIGN_PERSON_AND_ORGANIZATION_ASSIGNMENT(#67,#63,(#92));
#60=CC_DESIGN_PERSON_AND_ORGANIZATION_ASSIGNMENT(#68,#64,(#31));
#61=PERSON_AND_ORGANIZATION_ROLE('creator');
#62=PERSON_AND_ORGANIZATION_ROLE('design_owner');
#63=PERSON_AND_ORGANIZATION_ROLE('design_supplier');
#64=PERSON_AND_ORGANIZATION_ROLE('classification_officer');
#65=PERSON_AND_ORGANIZATION(#79,#72);
#66=PERSON_AND_ORGANIZATION(#79,#73);
#67=PERSON_AND_ORGANIZATION(#79,#74);
#68=PERSON_AND_ORGANIZATION(#79,#75);
#69=PERSON_AND_ORGANIZATION(#79,#76);
#70=PERSON_AND_ORGANIZATION(#79,#77);
#71=PERSON_AND_ORGANIZATION(#79,#78);
#72=ORGANIZATION(' ',' ',' ');
#73=ORGANIZATION(' ',' ',' ');
#74=ORGANIZATION(' ',' ',' ');
#75=ORGANIZATION(' ',' ',' ');
#76=ORGANIZATION(' ',' ',' ');
#77=ORGANIZATION(' ',' ',' ');
#78=ORGANIZATION(' ',' ',' ');
#79=PERSON(' ',' ',' ',(' '),$,$);
#80=APPLIED_EXTERNAL_IDENTIFICATION_ASSIGNMENT(
'Genius_GM-6000_Tact_Switch_Silent_6x6_V0.1.stp',#82,#81,(#86));
#81=EXTERNAL_SOURCE(IDENTIFIER(
'Genius_GM-6000_Tact_Switch_Silent_6x6_V0.1.stp'));
#82=IDENTIFICATION_ROLE('external document id and location','$');
#83=APPLIED_DOCUMENT_REFERENCE(#86,'External Reference File',(#90));
#84=PROPERTY_DEFINITION_REPRESENTATION(#85,#100);
#85=PROPERTY_DEFINITION('external definition','',#86);
#86=DOCUMENT_FILE('Genius_GM-6000_Tact_Switch_Silent_6x6_V0.1.stp',
'Genius_GM-6000_Tact_Switch_Silent_6x6_V0.1.stp',
'external reference document',#87,$,$);
#87=DOCUMENT_TYPE('geometry');
#88=SHAPE_DEFINITION_REPRESENTATION(#89,#100);
#89=PRODUCT_DEFINITION_SHAPE('','',#90);
#90=PRODUCT_DEFINITION(' ','',#92,#91);
#91=DESIGN_CONTEXT('',#99,'design');
#92=PRODUCT_DEFINITION_FORMATION_WITH_SPECIFIED_SOURCE(' ',' ',#94,
 .NOT_KNOWN.);
#93=PRODUCT_RELATED_PRODUCT_CATEGORY('detail','',(#94));
#94=PRODUCT('Genius_GM-6000_Tact_Switch_Silent_6x6_V0.1',
'Genius_GM-6000_Tact_Switch_Silent_6x6_V0.1',' ',(#97));
#95=PRODUCT_CATEGORY('part',' ');
#96=PRODUCT_CATEGORY(' ','');
#97=MECHANICAL_CONTEXT(' ',#99,'mechanical');
#98=APPLICATION_PROTOCOL_DEFINITION('international standard',
'config_control_design',2010,#99);
#99=APPLICATION_CONTEXT(
'configuration controlled 3D designs of mechanical parts and assemblie
s');
#100=SHAPE_REPRESENTATION(
'Genius_GM-6000_Tact_Switch_Silent_6x6_V0.1-None',(#2620),#4783);
#101=TOROIDAL_SURFACE('',#2781,1.52204143050607,0.2);
#102=CONICAL_SURFACE('',#2777,1.73600548476867,1.);
#103=CONICAL_SURFACE('',#2842,0.2,45.);
#104=CONICAL_SURFACE('',#2844,0.7,45.);
#105=CONICAL_SURFACE('',#2845,0.8,45.);
#106=CONICAL_SURFACE('',#2848,0.7,45.);
#107=CONICAL_SURFACE('',#2849,0.8,45.);
#108=CONICAL_SURFACE('',#2852,0.2,45.);
#109=CONICAL_SURFACE('',#2853,0.2,45.);
#110=CONICAL_SURFACE('',#2856,0.8,45.);
#111=CONICAL_SURFACE('',#2857,0.7,45.);
#112=CONICAL_SURFACE('',#2860,0.8,45.);
#113=CONICAL_SURFACE('',#2861,0.7,45.);
#114=CONICAL_SURFACE('',#2863,0.2,45.);
#115=(
BOUNDED_CURVE()
B_SPLINE_CURVE(3,(#4349,#4350,#4351,#4352),.UNSPECIFIED.,.F.,.F.)
B_SPLINE_CURVE_WITH_KNOTS((4,4),(0.,1.),.UNSPECIFIED.)
CURVE()
GEOMETRIC_REPRESENTATION_ITEM()
RATIONAL_B_SPLINE_CURVE((1.,0.992912073659607,0.992912073659607,1.))
REPRESENTATION_ITEM('')
);
#116=(
BOUNDED_CURVE()
B_SPLINE_CURVE(3,(#4356,#4357,#4358,#4359),.UNSPECIFIED.,.F.,.F.)
B_SPLINE_CURVE_WITH_KNOTS((4,4),(0.,1.),.UNSPECIFIED.)
CURVE()
GEOMETRIC_REPRESENTATION_ITEM()
RATIONAL_B_SPLINE_CURVE((1.,0.992912073659607,0.992912073659607,1.))
REPRESENTATION_ITEM('')
);
#117=(
BOUNDED_CURVE()
B_SPLINE_CURVE(3,(#4522,#4523,#4524,#4525),.UNSPECIFIED.,.F.,.F.)
B_SPLINE_CURVE_WITH_KNOTS((4,4),(0.,1.),.UNSPECIFIED.)
CURVE()
GEOMETRIC_REPRESENTATION_ITEM()
RATIONAL_B_SPLINE_CURVE((1.,0.992912073659607,0.992912073659607,1.))
REPRESENTATION_ITEM('')
);
#118=(
BOUNDED_CURVE()
B_SPLINE_CURVE(3,(#4529,#4530,#4531,#4532),.UNSPECIFIED.,.F.,.F.)
B_SPLINE_CURVE_WITH_KNOTS((4,4),(0.,1.),.UNSPECIFIED.)
CURVE()
GEOMETRIC_REPRESENTATION_ITEM()
RATIONAL_B_SPLINE_CURVE((1.,0.992912073659607,0.992912073659607,1.))
REPRESENTATION_ITEM('')
);
#119=MANIFOLD_SOLID_BREP('',#125);
#120=MANIFOLD_SOLID_BREP('',#126);
#121=MANIFOLD_SOLID_BREP('',#127);
#122=MANIFOLD_SOLID_BREP('',#128);
#123=MANIFOLD_SOLID_BREP('',#129);
#124=MANIFOLD_SOLID_BREP('',#130);
#125=CLOSED_SHELL('',(#342,#343,#344,#345,#346,#347,#348,#349,#350,#351,
#352,#353,#354,#355,#356,#357,#358,#359,#360,#361,#362,#363,#364,#365,#366,
#367,#368,#369,#370,#371,#372,#373,#374,#375,#376,#377,#378,#379,#380,#381,
#382,#383,#384,#385,#386,#387,#388,#389,#390,#391,#392));
#126=CLOSED_SHELL('',(#393,#394,#395,#396,#397,#398,#399,#400,#401,#402,
#403,#404,#405,#406,#407,#408,#409));
#127=CLOSED_SHELL('',(#410,#411,#412,#413,#414,#415,#416,#417,#418,#419,
#420,#421,#422,#423,#424));
#128=CLOSED_SHELL('',(#425,#426,#427,#428,#429,#430,#431,#432,#433,#434,
#435,#436,#437,#438,#439,#440,#441));
#129=CLOSED_SHELL('',(#442,#443,#444,#445));
#130=CLOSED_SHELL('',(#446,#447,#448,#449,#450,#451,#452,#453,#454,#455,
#456,#457,#458,#459,#460,#461,#462,#463,#464,#465,#466,#467,#468,#469,#470,
#471,#472,#473,#474,#475,#476,#477,#478,#479,#480,#481,#482,#483,#484,#485,
#486,#487,#488,#489,#490,#491));
#131=B_SPLINE_SURFACE_WITH_KNOTS('',3,3,((#3838,#3839,#3840,#3841,#3842,
#3843,#3844,#3845,#3846,#3847,#3848,#3849),(#3850,#3851,#3852,#3853,#3854,
#3855,#3856,#3857,#3858,#3859,#3860,#3861),(#3862,#3863,#3864,#3865,#3866,
#3867,#3868,#3869,#3870,#3871,#3872,#3873),(#3874,#3875,#3876,#3877,#3878,
#3879,#3880,#3881,#3882,#3883,#3884,#3885),(#3886,#3887,#3888,#3889,#3890,
#3891,#3892,#3893,#3894,#3895,#3896,#3897),(#3898,#3899,#3900,#3901,#3902,
#3903,#3904,#3905,#3906,#3907,#3908,#3909),(#3910,#3911,#3912,#3913,#3914,
#3915,#3916,#3917,#3918,#3919,#3920,#3921),(#3922,#3923,#3924,#3925,#3926,
#3927,#3928,#3929,#3930,#3931,#3932,#3933),(#3934,#3935,#3936,#3937,#3938,
#3939,#3940,#3941,#3942,#3943,#3944,#3945)),.UNSPECIFIED.,.T.,.F.,.F.,(1,
1,2,1,1,1,1,1,2,1,1),(4,1,1,1,1,1,1,1,1,4),(-0.333333333333334,-0.166666666666667,
0.,0.166666666666667,0.333333333333332,0.499999999999999,0.666666666666666,
0.833333333333333,1.,1.16666666666667,1.33333333333333),(0.,0.0891428571428571,
0.208,0.326857142857143,0.445714285714286,0.564571428571429,0.683428571428571,
0.802285714285714,0.921142857142857,1.),.UNSPECIFIED.);
#132=B_SPLINE_SURFACE_WITH_KNOTS('',3,3,((#3948,#3949,#3950,#3951,#3952,
#3953,#3954,#3955,#3956,#3957,#3958,#3959),(#3960,#3961,#3962,#3963,#3964,
#3965,#3966,#3967,#3968,#3969,#3970,#3971),(#3972,#3973,#3974,#3975,#3976,
#3977,#3978,#3979,#3980,#3981,#3982,#3983),(#3984,#3985,#3986,#3987,#3988,
#3989,#3990,#3991,#3992,#3993,#3994,#3995),(#3996,#3997,#3998,#3999,#4000,
#4001,#4002,#4003,#4004,#4005,#4006,#4007),(#4008,#4009,#4010,#4011,#4012,
#4013,#4014,#4015,#4016,#4017,#4018,#4019),(#4020,#4021,#4022,#4023,#4024,
#4025,#4026,#4027,#4028,#4029,#4030,#4031),(#4032,#4033,#4034,#4035,#4036,
#4037,#4038,#4039,#4040,#4041,#4042,#4043),(#4044,#4045,#4046,#4047,#4048,
#4049,#4050,#4051,#4052,#4053,#4054,#4055)),.UNSPECIFIED.,.T.,.F.,.F.,(1,
1,2,1,1,1,1,1,2,1,1),(4,1,1,1,1,1,1,1,1,4),(-0.333333333333334,-0.166666666666667,
0.,0.166666666666667,0.333333333333332,0.499999999999999,0.666666666666666,
0.833333333333333,1.,1.16666666666667,1.33333333333333),(0.,0.0891428571428571,
0.208,0.326857142857143,0.445714285714286,0.564571428571429,0.683428571428571,
0.802285714285714,0.921142857142857,1.),.UNSPECIFIED.);
#133=B_SPLINE_SURFACE_WITH_KNOTS('',3,3,((#4058,#4059,#4060,#4061,#4062,
#4063,#4064,#4065,#4066,#4067,#4068,#4069),(#4070,#4071,#4072,#4073,#4074,
#4075,#4076,#4077,#4078,#4079,#4080,#4081),(#4082,#4083,#4084,#4085,#4086,
#4087,#4088,#4089,#4090,#4091,#4092,#4093),(#4094,#4095,#4096,#4097,#4098,
#4099,#4100,#4101,#4102,#4103,#4104,#4105),(#4106,#4107,#4108,#4109,#4110,
#4111,#4112,#4113,#4114,#4115,#4116,#4117),(#4118,#4119,#4120,#4121,#4122,
#4123,#4124,#4125,#4126,#4127,#4128,#4129),(#4130,#4131,#4132,#4133,#4134,
#4135,#4136,#4137,#4138,#4139,#4140,#4141),(#4142,#4143,#4144,#4145,#4146,
#4147,#4148,#4149,#4150,#4151,#4152,#4153),(#4154,#4155,#4156,#4157,#4158,
#4159,#4160,#4161,#4162,#4163,#4164,#4165)),.UNSPECIFIED.,.T.,.F.,.F.,(1,
1,2,1,1,1,1,1,2,1,1),(4,1,1,1,1,1,1,1,1,4),(-0.333333333333334,-0.166666666666667,
0.,0.166666666666667,0.333333333333332,0.499999999999999,0.666666666666666,
0.833333333333333,1.,1.16666666666667,1.33333333333333),(0.,0.0891428571428571,
0.208,0.326857142857143,0.445714285714286,0.564571428571429,0.683428571428571,
0.802285714285714,0.921142857142857,1.),.UNSPECIFIED.);
#134=B_SPLINE_SURFACE_WITH_KNOTS('',3,3,((#4168,#4169,#4170,#4171,#4172,
#4173,#4174,#4175,#4176,#4177,#4178,#4179),(#4180,#4181,#4182,#4183,#4184,
#4185,#4186,#4187,#4188,#4189,#4190,#4191),(#4192,#4193,#4194,#4195,#4196,
#4197,#4198,#4199,#4200,#4201,#4202,#4203),(#4204,#4205,#4206,#4207,#4208,
#4209,#4210,#4211,#4212,#4213,#4214,#4215),(#4216,#4217,#4218,#4219,#4220,
#4221,#4222,#4223,#4224,#4225,#4226,#4227),(#4228,#4229,#4230,#4231,#4232,
#4233,#4234,#4235,#4236,#4237,#4238,#4239),(#4240,#4241,#4242,#4243,#4244,
#4245,#4246,#4247,#4248,#4249,#4250,#4251),(#4252,#4253,#4254,#4255,#4256,
#4257,#4258,#4259,#4260,#4261,#4262,#4263),(#4264,#4265,#4266,#4267,#4268,
#4269,#4270,#4271,#4272,#4273,#4274,#4275)),.UNSPECIFIED.,.T.,.F.,.F.,(1,
1,2,1,1,1,1,1,2,1,1),(4,1,1,1,1,1,1,1,1,4),(-0.333333333333334,-0.166666666666667,
0.,0.166666666666667,0.333333333333332,0.499999999999999,0.666666666666666,
0.833333333333333,1.,1.16666666666667,1.33333333333333),(0.,0.0891428571428571,
0.208,0.326857142857143,0.445714285714286,0.564571428571429,0.683428571428571,
0.802285714285714,0.921142857142857,1.),.UNSPECIFIED.);
#135=B_SPLINE_CURVE_WITH_KNOTS('',3,(#3792,#3793,#3794,#3795,#3796,#3797,
#3798,#3799,#3800),.UNSPECIFIED.,.T.,.F.,(1,3,1,1,1,1,1,3,1),(-0.166666666666667,
0.,0.166666666666667,0.333333333333332,0.499999999999999,0.666666666666666,
0.833333333333333,1.,1.16666666666667),.UNSPECIFIED.);
#136=B_SPLINE_CURVE_WITH_KNOTS('',3,(#3803,#3804,#3805,#3806,#3807,#3808,
#3809,#3810,#3811),.UNSPECIFIED.,.T.,.F.,(1,3,1,1,1,1,1,3,1),(-0.166666666666667,
0.,0.166666666666667,0.333333333333332,0.499999999999999,0.666666666666666,
0.833333333333333,1.,1.16666666666667),.UNSPECIFIED.);
#137=B_SPLINE_CURVE_WITH_KNOTS('',3,(#3814,#3815,#3816,#3817,#3818,#3819,
#3820,#3821,#3822),.UNSPECIFIED.,.T.,.F.,(1,3,1,1,1,1,1,3,1),(-0.166666666666667,
0.,0.166666666666667,0.333333333333332,0.499999999999999,0.666666666666666,
0.833333333333333,1.,1.16666666666667),.UNSPECIFIED.);
#138=B_SPLINE_CURVE_WITH_KNOTS('',3,(#3825,#3826,#3827,#3828,#3829,#3830,
#3831,#3832,#3833),.UNSPECIFIED.,.T.,.F.,(1,3,1,1,1,1,1,3,1),(-0.166666666666667,
0.,0.166666666666667,0.333333333333332,0.499999999999999,0.666666666666666,
0.833333333333333,1.,1.16666666666667),.UNSPECIFIED.);
#139=CYLINDRICAL_SURFACE('',#2650,0.1);
#140=CYLINDRICAL_SURFACE('',#2653,0.1);
#141=CYLINDRICAL_SURFACE('',#2655,0.1);
#142=CYLINDRICAL_SURFACE('',#2658,0.1);
#143=CYLINDRICAL_SURFACE('',#2665,0.4);
#144=CYLINDRICAL_SURFACE('',#2667,0.4);
#145=CYLINDRICAL_SURFACE('',#2669,0.4);
#146=CYLINDRICAL_SURFACE('',#2671,0.4);
#147=CYLINDRICAL_SURFACE('',#2680,0.5);
#148=CYLINDRICAL_SURFACE('',#2681,0.5);
#149=CYLINDRICAL_SURFACE('',#2682,0.5);
#150=CYLINDRICAL_SURFACE('',#2683,0.5);
#151=CYLINDRICAL_SURFACE('',#2694,0.299999999999999);
#152=CYLINDRICAL_SURFACE('',#2705,0.3);
#153=CYLINDRICAL_SURFACE('',#2708,0.299999999999998);
#154=CYLINDRICAL_SURFACE('',#2711,0.300000000000002);
#155=CYLINDRICAL_SURFACE('',#2737,0.4);
#156=CYLINDRICAL_SURFACE('',#2738,0.4);
#157=CYLINDRICAL_SURFACE('',#2739,0.4);
#158=CYLINDRICAL_SURFACE('',#2740,0.4);
#159=CYLINDRICAL_SURFACE('',#2741,1.75);
#160=CYLINDRICAL_SURFACE('',#2743,0.1);
#161=CYLINDRICAL_SURFACE('',#2745,0.1);
#162=CYLINDRICAL_SURFACE('',#2747,0.1);
#163=CYLINDRICAL_SURFACE('',#2749,0.1);
#164=CYLINDRICAL_SURFACE('',#2752,0.299999999999999);
#165=CYLINDRICAL_SURFACE('',#2763,0.3);
#166=CYLINDRICAL_SURFACE('',#2766,0.299999999999998);
#167=CYLINDRICAL_SURFACE('',#2769,0.300000000000002);
#168=CYLINDRICAL_SURFACE('',#2813,1.);
#169=CYLINDRICAL_SURFACE('',#2815,1.);
#170=CYLINDRICAL_SURFACE('',#2817,1.);
#171=CYLINDRICAL_SURFACE('',#2819,1.);
#172=CYLINDRICAL_SURFACE('',#2827,0.5);
#173=CYLINDRICAL_SURFACE('',#2829,0.5);
#174=CYLINDRICAL_SURFACE('',#2831,0.5);
#175=CYLINDRICAL_SURFACE('',#2833,0.5);
#176=CYLINDRICAL_SURFACE('',#2835,0.5);
#177=CYLINDRICAL_SURFACE('',#2837,0.5);
#178=CYLINDRICAL_SURFACE('',#2839,0.5);
#179=CYLINDRICAL_SURFACE('',#2841,0.5);
#180=CIRCLE('',#2634,0.1);
#181=CIRCLE('',#2635,0.1);
#182=CIRCLE('',#2640,0.1);
#183=CIRCLE('',#2641,0.1);
#184=CIRCLE('',#2649,0.1);
#185=CIRCLE('',#2652,0.1);
#186=CIRCLE('',#2654,0.1);
#187=CIRCLE('',#2657,0.1);
#188=CIRCLE('',#2659,0.4);
#189=CIRCLE('',#2660,0.4);
#190=CIRCLE('',#2661,0.4);
#191=CIRCLE('',#2662,0.4);
#192=CIRCLE('',#2664,0.4);
#193=CIRCLE('',#2666,0.4);
#194=CIRCLE('',#2668,0.4);
#195=CIRCLE('',#2670,0.4);
#196=CIRCLE('',#2672,0.5);
#197=CIRCLE('',#2674,0.5);
#198=CIRCLE('',#2676,0.5);
#199=CIRCLE('',#2678,0.5);
#200=CIRCLE('',#2684,0.00099999999999989);
#201=CIRCLE('',#2685,0.00099999999999989);
#202=CIRCLE('',#2686,0.00099999999999989);
#203=CIRCLE('',#2687,0.00099999999999989);
#204=CIRCLE('',#2692,0.299999999999999);
#205=CIRCLE('',#2693,0.299999999999999);
#206=CIRCLE('',#2695,0.299999999999998);
#207=CIRCLE('',#2696,0.3);
#208=CIRCLE('',#2697,0.300000000000002);
#209=CIRCLE('',#2699,0.300000000000002);
#210=CIRCLE('',#2700,0.3);
#211=CIRCLE('',#2701,0.299999999999998);
#212=CIRCLE('',#2717,0.1);
#213=CIRCLE('',#2718,0.1);
#214=CIRCLE('',#2719,0.1);
#215=CIRCLE('',#2720,0.1);
#216=CIRCLE('',#2721,1.75);
#217=CIRCLE('',#2722,0.4);
#218=CIRCLE('',#2723,0.4);
#219=CIRCLE('',#2724,0.4);
#220=CIRCLE('',#2725,0.4);
#221=CIRCLE('',#2727,0.1);
#222=CIRCLE('',#2728,0.1);
#223=CIRCLE('',#2729,0.1);
#224=CIRCLE('',#2730,0.1);
#225=CIRCLE('',#2731,1.75);
#226=CIRCLE('',#2732,0.4);
#227=CIRCLE('',#2733,0.4);
#228=CIRCLE('',#2734,0.4);
#229=CIRCLE('',#2735,0.4);
#230=CIRCLE('',#2750,0.299999999999999);
#231=CIRCLE('',#2751,0.299999999999999);
#232=CIRCLE('',#2753,0.300000000000002);
#233=CIRCLE('',#2754,0.3);
#234=CIRCLE('',#2755,0.299999999999998);
#235=CIRCLE('',#2757,0.299999999999998);
#236=CIRCLE('',#2758,0.3);
#237=CIRCLE('',#2759,0.300000000000002);
#238=CIRCLE('',#2775,1.75);
#239=CIRCLE('',#2776,1.72201096953735);
#240=CIRCLE('',#2778,1.52204143050607);
#241=CIRCLE('',#2786,0.5);
#242=CIRCLE('',#2787,0.5);
#243=CIRCLE('',#2788,1.);
#244=CIRCLE('',#2789,1.);
#245=CIRCLE('',#2790,0.5);
#246=CIRCLE('',#2791,0.5);
#247=CIRCLE('',#2792,0.5);
#248=CIRCLE('',#2793,0.5);
#249=CIRCLE('',#2794,1.);
#250=CIRCLE('',#2795,1.);
#251=CIRCLE('',#2796,0.5);
#252=CIRCLE('',#2797,0.5);
#253=CIRCLE('',#2799,0.8);
#254=CIRCLE('',#2800,0.2);
#255=CIRCLE('',#2801,0.7);
#256=CIRCLE('',#2802,0.7);
#257=CIRCLE('',#2803,0.2);
#258=CIRCLE('',#2804,0.8);
#259=CIRCLE('',#2805,0.8);
#260=CIRCLE('',#2806,0.2);
#261=CIRCLE('',#2807,0.7);
#262=CIRCLE('',#2808,0.7);
#263=CIRCLE('',#2809,0.2);
#264=CIRCLE('',#2810,0.8);
#265=CIRCLE('',#2812,1.);
#266=CIRCLE('',#2814,1.);
#267=CIRCLE('',#2816,1.);
#268=CIRCLE('',#2818,1.);
#269=CIRCLE('',#2826,0.5);
#270=CIRCLE('',#2828,0.5);
#271=CIRCLE('',#2830,0.5);
#272=CIRCLE('',#2832,0.5);
#273=CIRCLE('',#2834,0.5);
#274=CIRCLE('',#2836,0.5);
#275=CIRCLE('',#2838,0.5);
#276=CIRCLE('',#2840,0.5);
#277=FACE_BOUND('',#712,.T.);
#278=FACE_BOUND('',#713,.T.);
#279=FACE_BOUND('',#737,.T.);
#280=FACE_BOUND('',#738,.T.);
#281=FACE_BOUND('',#739,.T.);
#282=FACE_BOUND('',#740,.T.);
#283=FACE_BOUND('',#741,.T.);
#284=FACE_BOUND('',#742,.T.);
#285=FACE_BOUND('',#743,.T.);
#286=FACE_BOUND('',#744,.T.);
#287=FACE_BOUND('',#745,.T.);
#288=FACE_BOUND('',#746,.T.);
#289=FACE_BOUND('',#747,.T.);
#290=FACE_BOUND('',#748,.T.);
#291=FACE_BOUND('',#749,.T.);
#292=FACE_BOUND('',#750,.T.);
#293=FACE_BOUND('',#751,.T.);
#294=FACE_BOUND('',#752,.T.);
#295=FACE_BOUND('',#753,.T.);
#296=FACE_BOUND('',#754,.T.);
#297=FACE_BOUND('',#755,.T.);
#298=FACE_BOUND('',#756,.T.);
#299=FACE_BOUND('',#757,.T.);
#300=FACE_BOUND('',#758,.T.);
#301=FACE_BOUND('',#759,.T.);
#302=FACE_BOUND('',#760,.T.);
#303=FACE_BOUND('',#761,.T.);
#304=FACE_BOUND('',#762,.T.);
#305=FACE_BOUND('',#763,.T.);
#306=FACE_BOUND('',#764,.T.);
#307=FACE_BOUND('',#765,.T.);
#308=FACE_BOUND('',#766,.T.);
#309=FACE_BOUND('',#767,.T.);
#310=FACE_BOUND('',#768,.T.);
#311=FACE_BOUND('',#769,.T.);
#312=FACE_BOUND('',#770,.T.);
#313=FACE_BOUND('',#771,.T.);
#314=FACE_BOUND('',#772,.T.);
#315=FACE_BOUND('',#773,.T.);
#316=FACE_BOUND('',#795,.T.);
#317=FACE_BOUND('',#796,.T.);
#318=FACE_BOUND('',#797,.T.);
#319=FACE_BOUND('',#798,.T.);
#320=FACE_BOUND('',#799,.T.);
#321=FACE_BOUND('',#800,.T.);
#322=FACE_BOUND('',#801,.T.);
#323=FACE_BOUND('',#802,.T.);
#324=FACE_BOUND('',#803,.T.);
#325=FACE_BOUND('',#804,.T.);
#326=FACE_BOUND('',#805,.T.);
#327=FACE_BOUND('',#806,.T.);
#328=FACE_BOUND('',#807,.T.);
#329=FACE_BOUND('',#808,.T.);
#330=FACE_BOUND('',#809,.T.);
#331=FACE_BOUND('',#810,.T.);
#332=FACE_BOUND('',#811,.T.);
#333=FACE_BOUND('',#812,.T.);
#334=FACE_BOUND('',#813,.T.);
#335=FACE_BOUND('',#814,.T.);
#336=FACE_BOUND('',#815,.T.);
#337=FACE_BOUND('',#816,.T.);
#338=FACE_BOUND('',#842,.T.);
#339=FACE_BOUND('',#843,.T.);
#340=FACE_BOUND('',#846,.T.);
#341=FACE_BOUND('',#847,.T.);
#342=ADVANCED_FACE('',(#583),#492,.F.);
#343=ADVANCED_FACE('',(#584),#493,.F.);
#344=ADVANCED_FACE('',(#585),#494,.F.);
#345=ADVANCED_FACE('',(#586),#495,.F.);
#346=ADVANCED_FACE('',(#587),#496,.F.);
#347=ADVANCED_FACE('',(#588),#497,.F.);
#348=ADVANCED_FACE('',(#277,#278),#498,.T.);
#349=ADVANCED_FACE('',(#589),#499,.F.);
#350=ADVANCED_FACE('',(#590),#500,.F.);
#351=ADVANCED_FACE('',(#591),#501,.F.);
#352=ADVANCED_FACE('',(#592),#502,.F.);
#353=ADVANCED_FACE('',(#593),#503,.F.);
#354=ADVANCED_FACE('',(#594),#504,.F.);
#355=ADVANCED_FACE('',(#595),#505,.F.);
#356=ADVANCED_FACE('',(#596),#506,.F.);
#357=ADVANCED_FACE('',(#597),#507,.T.);
#358=ADVANCED_FACE('',(#598),#508,.F.);
#359=ADVANCED_FACE('',(#599),#509,.F.);
#360=ADVANCED_FACE('',(#600),#510,.F.);
#361=ADVANCED_FACE('',(#601),#511,.T.);
#362=ADVANCED_FACE('',(#602),#512,.F.);
#363=ADVANCED_FACE('',(#603),#513,.T.);
#364=ADVANCED_FACE('',(#604),#514,.T.);
#365=ADVANCED_FACE('',(#605),#515,.T.);
#366=ADVANCED_FACE('',(#606),#139,.T.);
#367=ADVANCED_FACE('',(#607),#516,.T.);
#368=ADVANCED_FACE('',(#608),#140,.T.);
#369=ADVANCED_FACE('',(#609),#141,.T.);
#370=ADVANCED_FACE('',(#610),#517,.T.);
#371=ADVANCED_FACE('',(#611),#142,.T.);
#372=ADVANCED_FACE('',(#279,#280,#281,#282,#283),#518,.T.);
#373=ADVANCED_FACE('',(#284,#285),#143,.T.);
#374=ADVANCED_FACE('',(#286,#287),#144,.T.);
#375=ADVANCED_FACE('',(#288,#289),#145,.T.);
#376=ADVANCED_FACE('',(#290,#291),#146,.T.);
#377=ADVANCED_FACE('',(#292,#293),#519,.F.);
#378=ADVANCED_FACE('',(#294,#295),#520,.F.);
#379=ADVANCED_FACE('',(#296,#297),#521,.F.);
#380=ADVANCED_FACE('',(#298,#299),#522,.F.);
#381=ADVANCED_FACE('',(#300,#301),#147,.T.);
#382=ADVANCED_FACE('',(#302,#303),#148,.T.);
#383=ADVANCED_FACE('',(#304,#305),#149,.T.);
#384=ADVANCED_FACE('',(#306,#307),#150,.T.);
#385=ADVANCED_FACE('',(#308,#309),#131,.T.);
#386=ADVANCED_FACE('',(#310,#311),#132,.T.);
#387=ADVANCED_FACE('',(#312,#313),#133,.T.);
#388=ADVANCED_FACE('',(#314,#315),#134,.T.);
#389=ADVANCED_FACE('',(#612),#523,.T.);
#390=ADVANCED_FACE('',(#613),#524,.T.);
#391=ADVANCED_FACE('',(#614),#525,.T.);
#392=ADVANCED_FACE('',(#615),#526,.T.);
#393=ADVANCED_FACE('',(#616),#151,.T.);
#394=ADVANCED_FACE('',(#617),#527,.T.);
#395=ADVANCED_FACE('',(#618),#528,.T.);
#396=ADVANCED_FACE('',(#619),#529,.T.);
#397=ADVANCED_FACE('',(#620),#530,.T.);
#398=ADVANCED_FACE('',(#621),#152,.T.);
#399=ADVANCED_FACE('',(#622),#531,.T.);
#400=ADVANCED_FACE('',(#623),#532,.T.);
#401=ADVANCED_FACE('',(#624),#153,.T.);
#402=ADVANCED_FACE('',(#625),#533,.T.);
#403=ADVANCED_FACE('',(#626),#534,.T.);
#404=ADVANCED_FACE('',(#627),#154,.T.);
#405=ADVANCED_FACE('',(#628),#535,.T.);
#406=ADVANCED_FACE('',(#629),#536,.T.);
#407=ADVANCED_FACE('',(#630),#537,.T.);
#408=ADVANCED_FACE('',(#631),#538,.T.);
#409=ADVANCED_FACE('',(#632),#539,.T.);
#410=ADVANCED_FACE('',(#316,#317,#318,#319,#320,#321),#540,.F.);
#411=ADVANCED_FACE('',(#322,#323,#324,#325,#326,#327),#541,.T.);
#412=ADVANCED_FACE('',(#328,#329),#155,.F.);
#413=ADVANCED_FACE('',(#330,#331),#156,.F.);
#414=ADVANCED_FACE('',(#332,#333),#157,.F.);
#415=ADVANCED_FACE('',(#334,#335),#158,.F.);
#416=ADVANCED_FACE('',(#336,#337),#159,.F.);
#417=ADVANCED_FACE('',(#633),#542,.T.);
#418=ADVANCED_FACE('',(#634),#160,.T.);
#419=ADVANCED_FACE('',(#635),#543,.T.);
#420=ADVANCED_FACE('',(#636),#161,.T.);
#421=ADVANCED_FACE('',(#637),#544,.T.);
#422=ADVANCED_FACE('',(#638),#162,.T.);
#423=ADVANCED_FACE('',(#639),#545,.T.);
#424=ADVANCED_FACE('',(#640),#163,.T.);
#425=ADVANCED_FACE('',(#641),#164,.T.);
#426=ADVANCED_FACE('',(#642),#546,.F.);
#427=ADVANCED_FACE('',(#643),#547,.F.);
#428=ADVANCED_FACE('',(#644),#548,.F.);
#429=ADVANCED_FACE('',(#645),#549,.F.);
#430=ADVANCED_FACE('',(#646),#165,.T.);
#431=ADVANCED_FACE('',(#647),#550,.F.);
#432=ADVANCED_FACE('',(#648),#551,.F.);
#433=ADVANCED_FACE('',(#649),#166,.T.);
#434=ADVANCED_FACE('',(#650),#552,.F.);
#435=ADVANCED_FACE('',(#651),#553,.F.);
#436=ADVANCED_FACE('',(#652),#167,.T.);
#437=ADVANCED_FACE('',(#653),#554,.F.);
#438=ADVANCED_FACE('',(#654),#555,.F.);
#439=ADVANCED_FACE('',(#655),#556,.F.);
#440=ADVANCED_FACE('',(#656),#557,.F.);
#441=ADVANCED_FACE('',(#657),#558,.F.);
#442=ADVANCED_FACE('',(#338,#339),#102,.T.);
#443=ADVANCED_FACE('',(#658),#559,.T.);
#444=ADVANCED_FACE('',(#659),#560,.F.);
#445=ADVANCED_FACE('',(#340,#341),#101,.T.);
#446=ADVANCED_FACE('',(#660),#561,.T.);
#447=ADVANCED_FACE('',(#661),#562,.T.);
#448=ADVANCED_FACE('',(#662),#563,.T.);
#449=ADVANCED_FACE('',(#663),#564,.T.);
#450=ADVANCED_FACE('',(#664),#565,.T.);
#451=ADVANCED_FACE('',(#665),#566,.T.);
#452=ADVANCED_FACE('',(#666),#168,.T.);
#453=ADVANCED_FACE('',(#667),#169,.T.);
#454=ADVANCED_FACE('',(#668),#170,.T.);
#455=ADVANCED_FACE('',(#669),#171,.T.);
#456=ADVANCED_FACE('',(#670),#567,.F.);
#457=ADVANCED_FACE('',(#671),#568,.T.);
#458=ADVANCED_FACE('',(#672),#569,.T.);
#459=ADVANCED_FACE('',(#673),#570,.F.);
#460=ADVANCED_FACE('',(#674),#571,.T.);
#461=ADVANCED_FACE('',(#675),#572,.T.);
#462=ADVANCED_FACE('',(#676),#172,.T.);
#463=ADVANCED_FACE('',(#677),#173,.T.);
#464=ADVANCED_FACE('',(#678),#174,.T.);
#465=ADVANCED_FACE('',(#679),#175,.T.);
#466=ADVANCED_FACE('',(#680),#176,.F.);
#467=ADVANCED_FACE('',(#681),#177,.F.);
#468=ADVANCED_FACE('',(#682),#178,.F.);
#469=ADVANCED_FACE('',(#683),#179,.F.);
#470=ADVANCED_FACE('',(#684),#103,.T.);
#471=ADVANCED_FACE('',(#685),#573,.F.);
#472=ADVANCED_FACE('',(#686),#104,.T.);
#473=ADVANCED_FACE('',(#687),#105,.F.);
#474=ADVANCED_FACE('',(#688),#574,.F.);
#475=ADVANCED_FACE('',(#689),#575,.F.);
#476=ADVANCED_FACE('',(#690),#106,.T.);
#477=ADVANCED_FACE('',(#691),#107,.F.);
#478=ADVANCED_FACE('',(#692),#576,.F.);
#479=ADVANCED_FACE('',(#693),#577,.T.);
#480=ADVANCED_FACE('',(#694),#108,.T.);
#481=ADVANCED_FACE('',(#695),#109,.T.);
#482=ADVANCED_FACE('',(#696),#578,.F.);
#483=ADVANCED_FACE('',(#697),#579,.F.);
#484=ADVANCED_FACE('',(#698),#110,.F.);
#485=ADVANCED_FACE('',(#699),#111,.T.);
#486=ADVANCED_FACE('',(#700),#580,.F.);
#487=ADVANCED_FACE('',(#701),#581,.F.);
#488=ADVANCED_FACE('',(#702),#112,.F.);
#489=ADVANCED_FACE('',(#703),#113,.T.);
#490=ADVANCED_FACE('',(#704),#582,.T.);
#491=ADVANCED_FACE('',(#705),#114,.T.);
#492=PLANE('',#2621);
#493=PLANE('',#2622);
#494=PLANE('',#2623);
#495=PLANE('',#2624);
#496=PLANE('',#2625);
#497=PLANE('',#2626);
#498=PLANE('',#2627);
#499=PLANE('',#2628);
#500=PLANE('',#2629);
#501=PLANE('',#2630);
#502=PLANE('',#2631);
#503=PLANE('',#2632);
#504=PLANE('',#2633);
#505=PLANE('',#2636);
#506=PLANE('',#2637);
#507=PLANE('',#2638);
#508=PLANE('',#2639);
#509=PLANE('',#2642);
#510=PLANE('',#2643);
#511=PLANE('',#2644);
#512=PLANE('',#2645);
#513=PLANE('',#2646);
#514=PLANE('',#2647);
#515=PLANE('',#2648);
#516=PLANE('',#2651);
#517=PLANE('',#2656);
#518=PLANE('',#2663);
#519=PLANE('',#2673);
#520=PLANE('',#2675);
#521=PLANE('',#2677);
#522=PLANE('',#2679);
#523=PLANE('',#2688);
#524=PLANE('',#2689);
#525=PLANE('',#2690);
#526=PLANE('',#2691);
#527=PLANE('',#2698);
#528=PLANE('',#2702);
#529=PLANE('',#2703);
#530=PLANE('',#2704);
#531=PLANE('',#2706);
#532=PLANE('',#2707);
#533=PLANE('',#2709);
#534=PLANE('',#2710);
#535=PLANE('',#2712);
#536=PLANE('',#2713);
#537=PLANE('',#2714);
#538=PLANE('',#2715);
#539=PLANE('',#2716);
#540=PLANE('',#2726);
#541=PLANE('',#2736);
#542=PLANE('',#2742);
#543=PLANE('',#2744);
#544=PLANE('',#2746);
#545=PLANE('',#2748);
#546=PLANE('',#2756);
#547=PLANE('',#2760);
#548=PLANE('',#2761);
#549=PLANE('',#2762);
#550=PLANE('',#2764);
#551=PLANE('',#2765);
#552=PLANE('',#2767);
#553=PLANE('',#2768);
#554=PLANE('',#2770);
#555=PLANE('',#2771);
#556=PLANE('',#2772);
#557=PLANE('',#2773);
#558=PLANE('',#2774);
#559=PLANE('',#2779);
#560=PLANE('',#2780);
#561=PLANE('',#2782);
#562=PLANE('',#2783);
#563=PLANE('',#2784);
#564=PLANE('',#2785);
#565=PLANE('',#2798);
#566=PLANE('',#2811);
#567=PLANE('',#2820);
#568=PLANE('',#2821);
#569=PLANE('',#2822);
#570=PLANE('',#2823);
#571=PLANE('',#2824);
#572=PLANE('',#2825);
#573=PLANE('',#2843);
#574=PLANE('',#2846);
#575=PLANE('',#2847);
#576=PLANE('',#2850);
#577=PLANE('',#2851);
#578=PLANE('',#2854);
#579=PLANE('',#2855);
#580=PLANE('',#2858);
#581=PLANE('',#2859);
#582=PLANE('',#2862);
#583=FACE_OUTER_BOUND('',#706,.T.);
#584=FACE_OUTER_BOUND('',#707,.T.);
#585=FACE_OUTER_BOUND('',#708,.T.);
#586=FACE_OUTER_BOUND('',#709,.T.);
#587=FACE_OUTER_BOUND('',#710,.T.);
#588=FACE_OUTER_BOUND('',#711,.T.);
#589=FACE_OUTER_BOUND('',#714,.T.);
#590=FACE_OUTER_BOUND('',#715,.T.);
#591=FACE_OUTER_BOUND('',#716,.T.);
#592=FACE_OUTER_BOUND('',#717,.T.);
#593=FACE_OUTER_BOUND('',#718,.T.);
#594=FACE_OUTER_BOUND('',#719,.T.);
#595=FACE_OUTER_BOUND('',#720,.T.);
#596=FACE_OUTER_BOUND('',#721,.T.);
#597=FACE_OUTER_BOUND('',#722,.T.);
#598=FACE_OUTER_BOUND('',#723,.T.);
#599=FACE_OUTER_BOUND('',#724,.T.);
#600=FACE_OUTER_BOUND('',#725,.T.);
#601=FACE_OUTER_BOUND('',#726,.T.);
#602=FACE_OUTER_BOUND('',#727,.T.);
#603=FACE_OUTER_BOUND('',#728,.T.);
#604=FACE_OUTER_BOUND('',#729,.T.);
#605=FACE_OUTER_BOUND('',#730,.T.);
#606=FACE_OUTER_BOUND('',#731,.T.);
#607=FACE_OUTER_BOUND('',#732,.T.);
#608=FACE_OUTER_BOUND('',#733,.T.);
#609=FACE_OUTER_BOUND('',#734,.T.);
#610=FACE_OUTER_BOUND('',#735,.T.);
#611=FACE_OUTER_BOUND('',#736,.T.);
#612=FACE_OUTER_BOUND('',#774,.T.);
#613=FACE_OUTER_BOUND('',#775,.T.);
#614=FACE_OUTER_BOUND('',#776,.T.);
#615=FACE_OUTER_BOUND('',#777,.T.);
#616=FACE_OUTER_BOUND('',#778,.T.);
#617=FACE_OUTER_BOUND('',#779,.T.);
#618=FACE_OUTER_BOUND('',#780,.T.);
#619=FACE_OUTER_BOUND('',#781,.T.);
#620=FACE_OUTER_BOUND('',#782,.T.);
#621=FACE_OUTER_BOUND('',#783,.T.);
#622=FACE_OUTER_BOUND('',#784,.T.);
#623=FACE_OUTER_BOUND('',#785,.T.);
#624=FACE_OUTER_BOUND('',#786,.T.);
#625=FACE_OUTER_BOUND('',#787,.T.);
#626=FACE_OUTER_BOUND('',#788,.T.);
#627=FACE_OUTER_BOUND('',#789,.T.);
#628=FACE_OUTER_BOUND('',#790,.T.);
#629=FACE_OUTER_BOUND('',#791,.T.);
#630=FACE_OUTER_BOUND('',#792,.T.);
#631=FACE_OUTER_BOUND('',#793,.T.);
#632=FACE_OUTER_BOUND('',#794,.T.);
#633=FACE_OUTER_BOUND('',#817,.T.);
#634=FACE_OUTER_BOUND('',#818,.T.);
#635=FACE_OUTER_BOUND('',#819,.T.);
#636=FACE_OUTER_BOUND('',#820,.T.);
#637=FACE_OUTER_BOUND('',#821,.T.);
#638=FACE_OUTER_BOUND('',#822,.T.);
#639=FACE_OUTER_BOUND('',#823,.T.);
#640=FACE_OUTER_BOUND('',#824,.T.);
#641=FACE_OUTER_BOUND('',#825,.T.);
#642=FACE_OUTER_BOUND('',#826,.T.);
#643=FACE_OUTER_BOUND('',#827,.T.);
#644=FACE_OUTER_BOUND('',#828,.T.);
#645=FACE_OUTER_BOUND('',#829,.T.);
#646=FACE_OUTER_BOUND('',#830,.T.);
#647=FACE_OUTER_BOUND('',#831,.T.);
#648=FACE_OUTER_BOUND('',#832,.T.);
#649=FACE_OUTER_BOUND('',#833,.T.);
#650=FACE_OUTER_BOUND('',#834,.T.);
#651=FACE_OUTER_BOUND('',#835,.T.);
#652=FACE_OUTER_BOUND('',#836,.T.);
#653=FACE_OUTER_BOUND('',#837,.T.);
#654=FACE_OUTER_BOUND('',#838,.T.);
#655=FACE_OUTER_BOUND('',#839,.T.);
#656=FACE_OUTER_BOUND('',#840,.T.);
#657=FACE_OUTER_BOUND('',#841,.T.);
#658=FACE_OUTER_BOUND('',#844,.T.);
#659=FACE_OUTER_BOUND('',#845,.T.);
#660=FACE_OUTER_BOUND('',#848,.T.);
#661=FACE_OUTER_BOUND('',#849,.T.);
#662=FACE_OUTER_BOUND('',#850,.T.);
#663=FACE_OUTER_BOUND('',#851,.T.);
#664=FACE_OUTER_BOUND('',#852,.T.);
#665=FACE_OUTER_BOUND('',#853,.T.);
#666=FACE_OUTER_BOUND('',#854,.T.);
#667=FACE_OUTER_BOUND('',#855,.T.);
#668=FACE_OUTER_BOUND('',#856,.T.);
#669=FACE_OUTER_BOUND('',#857,.T.);
#670=FACE_OUTER_BOUND('',#858,.T.);
#671=FACE_OUTER_BOUND('',#859,.T.);
#672=FACE_OUTER_BOUND('',#860,.T.);
#673=FACE_OUTER_BOUND('',#861,.T.);
#674=FACE_OUTER_BOUND('',#862,.T.);
#675=FACE_OUTER_BOUND('',#863,.T.);
#676=FACE_OUTER_BOUND('',#864,.T.);
#677=FACE_OUTER_BOUND('',#865,.T.);
#678=FACE_OUTER_BOUND('',#866,.T.);
#679=FACE_OUTER_BOUND('',#867,.T.);
#680=FACE_OUTER_BOUND('',#868,.T.);
#681=FACE_OUTER_BOUND('',#869,.T.);
#682=FACE_OUTER_BOUND('',#870,.T.);
#683=FACE_OUTER_BOUND('',#871,.T.);
#684=FACE_OUTER_BOUND('',#872,.T.);
#685=FACE_OUTER_BOUND('',#873,.T.);
#686=FACE_OUTER_BOUND('',#874,.T.);
#687=FACE_OUTER_BOUND('',#875,.T.);
#688=FACE_OUTER_BOUND('',#876,.T.);
#689=FACE_OUTER_BOUND('',#877,.T.);
#690=FACE_OUTER_BOUND('',#878,.T.);
#691=FACE_OUTER_BOUND('',#879,.T.);
#692=FACE_OUTER_BOUND('',#880,.T.);
#693=FACE_OUTER_BOUND('',#881,.T.);
#694=FACE_OUTER_BOUND('',#882,.T.);
#695=FACE_OUTER_BOUND('',#883,.T.);
#696=FACE_OUTER_BOUND('',#884,.T.);
#697=FACE_OUTER_BOUND('',#885,.T.);
#698=FACE_OUTER_BOUND('',#886,.T.);
#699=FACE_OUTER_BOUND('',#887,.T.);
#700=FACE_OUTER_BOUND('',#888,.T.);
#701=FACE_OUTER_BOUND('',#889,.T.);
#702=FACE_OUTER_BOUND('',#890,.T.);
#703=FACE_OUTER_BOUND('',#891,.T.);
#704=FACE_OUTER_BOUND('',#892,.T.);
#705=FACE_OUTER_BOUND('',#893,.T.);
#706=EDGE_LOOP('',(#894,#895,#896,#897,#898,#899));
#707=EDGE_LOOP('',(#900,#901,#902,#903));
#708=EDGE_LOOP('',(#904,#905,#906,#907,#908,#909));
#709=EDGE_LOOP('',(#910,#911,#912,#913,#914,#915));
#710=EDGE_LOOP('',(#916,#917,#918,#919));
#711=EDGE_LOOP('',(#920,#921,#922,#923,#924,#925));
#712=EDGE_LOOP('',(#926,#927,#928,#929,#930,#931,#932,#933,#934,#935,#936,
#937));
#713=EDGE_LOOP('',(#938,#939,#940,#941));
#714=EDGE_LOOP('',(#942,#943,#944,#945));
#715=EDGE_LOOP('',(#946,#947,#948,#949));
#716=EDGE_LOOP('',(#950,#951,#952,#953));
#717=EDGE_LOOP('',(#954,#955,#956,#957));
#718=EDGE_LOOP('',(#958,#959,#960,#961));
#719=EDGE_LOOP('',(#962,#963,#964,#965));
#720=EDGE_LOOP('',(#966,#967,#968,#969,#970,#971,#972,#973,#974,#975));
#721=EDGE_LOOP('',(#976,#977,#978,#979));
#722=EDGE_LOOP('',(#980,#981,#982,#983));
#723=EDGE_LOOP('',(#984,#985,#986,#987));
#724=EDGE_LOOP('',(#988,#989,#990,#991,#992,#993,#994,#995,#996,#997));
#725=EDGE_LOOP('',(#998,#999,#1000,#1001));
#726=EDGE_LOOP('',(#1002,#1003,#1004,#1005));
#727=EDGE_LOOP('',(#1006,#1007,#1008,#1009));
#728=EDGE_LOOP('',(#1010,#1011,#1012,#1013,#1014,#1015,#1016,#1017));
#729=EDGE_LOOP('',(#1018,#1019,#1020,#1021,#1022,#1023,#1024,#1025));
#730=EDGE_LOOP('',(#1026,#1027,#1028,#1029));
#731=EDGE_LOOP('',(#1030,#1031,#1032,#1033));
#732=EDGE_LOOP('',(#1034,#1035,#1036,#1037));
#733=EDGE_LOOP('',(#1038,#1039,#1040,#1041));
#734=EDGE_LOOP('',(#1042,#1043,#1044,#1045));
#735=EDGE_LOOP('',(#1046,#1047,#1048,#1049));
#736=EDGE_LOOP('',(#1050,#1051,#1052,#1053));
#737=EDGE_LOOP('',(#1054,#1055,#1056,#1057,#1058,#1059,#1060,#1061));
#738=EDGE_LOOP('',(#1062));
#739=EDGE_LOOP('',(#1063));
#740=EDGE_LOOP('',(#1064));
#741=EDGE_LOOP('',(#1065));
#742=EDGE_LOOP('',(#1066));
#743=EDGE_LOOP('',(#1067));
#744=EDGE_LOOP('',(#1068));
#745=EDGE_LOOP('',(#1069));
#746=EDGE_LOOP('',(#1070));
#747=EDGE_LOOP('',(#1071));
#748=EDGE_LOOP('',(#1072));
#749=EDGE_LOOP('',(#1073));
#750=EDGE_LOOP('',(#1074));
#751=EDGE_LOOP('',(#1075));
#752=EDGE_LOOP('',(#1076));
#753=EDGE_LOOP('',(#1077));
#754=EDGE_LOOP('',(#1078));
#755=EDGE_LOOP('',(#1079));
#756=EDGE_LOOP('',(#1080));
#757=EDGE_LOOP('',(#1081));
#758=EDGE_LOOP('',(#1082));
#759=EDGE_LOOP('',(#1083));
#760=EDGE_LOOP('',(#1084));
#761=EDGE_LOOP('',(#1085));
#762=EDGE_LOOP('',(#1086));
#763=EDGE_LOOP('',(#1087));
#764=EDGE_LOOP('',(#1088));
#765=EDGE_LOOP('',(#1089));
#766=EDGE_LOOP('',(#1090));
#767=EDGE_LOOP('',(#1091));
#768=EDGE_LOOP('',(#1092));
#769=EDGE_LOOP('',(#1093));
#770=EDGE_LOOP('',(#1094));
#771=EDGE_LOOP('',(#1095));
#772=EDGE_LOOP('',(#1096));
#773=EDGE_LOOP('',(#1097));
#774=EDGE_LOOP('',(#1098));
#775=EDGE_LOOP('',(#1099));
#776=EDGE_LOOP('',(#1100));
#777=EDGE_LOOP('',(#1101));
#778=EDGE_LOOP('',(#1102,#1103,#1104,#1105));
#779=EDGE_LOOP('',(#1106,#1107,#1108,#1109,#1110,#1111,#1112,#1113,#1114,
#1115,#1116));
#780=EDGE_LOOP('',(#1117,#1118,#1119,#1120,#1121,#1122,#1123,#1124,#1125,
#1126,#1127));
#781=EDGE_LOOP('',(#1128,#1129,#1130,#1131));
#782=EDGE_LOOP('',(#1132,#1133,#1134,#1135));
#783=EDGE_LOOP('',(#1136,#1137,#1138,#1139));
#784=EDGE_LOOP('',(#1140,#1141,#1142,#1143));
#785=EDGE_LOOP('',(#1144,#1145,#1146,#1147));
#786=EDGE_LOOP('',(#1148,#1149,#1150,#1151));
#787=EDGE_LOOP('',(#1152,#1153,#1154,#1155,#1156,#1157));
#788=EDGE_LOOP('',(#1158,#1159,#1160,#1161));
#789=EDGE_LOOP('',(#1162,#1163,#1164,#1165,#1166,#1167));
#790=EDGE_LOOP('',(#1168,#1169,#1170,#1171));
#791=EDGE_LOOP('',(#1172,#1173,#1174,#1175));
#792=EDGE_LOOP('',(#1176,#1177,#1178,#1179));
#793=EDGE_LOOP('',(#1180,#1181,#1182,#1183,#1184,#1185));
#794=EDGE_LOOP('',(#1186,#1187,#1188,#1189,#1190,#1191));
#795=EDGE_LOOP('',(#1192,#1193,#1194,#1195,#1196,#1197,#1198,#1199));
#796=EDGE_LOOP('',(#1200));
#797=EDGE_LOOP('',(#1201));
#798=EDGE_LOOP('',(#1202));
#799=EDGE_LOOP('',(#1203));
#800=EDGE_LOOP('',(#1204));
#801=EDGE_LOOP('',(#1205,#1206,#1207,#1208,#1209,#1210,#1211,#1212));
#802=EDGE_LOOP('',(#1213));
#803=EDGE_LOOP('',(#1214));
#804=EDGE_LOOP('',(#1215));
#805=EDGE_LOOP('',(#1216));
#806=EDGE_LOOP('',(#1217));
#807=EDGE_LOOP('',(#1218));
#808=EDGE_LOOP('',(#1219));
#809=EDGE_LOOP('',(#1220));
#810=EDGE_LOOP('',(#1221));
#811=EDGE_LOOP('',(#1222));
#812=EDGE_LOOP('',(#1223));
#813=EDGE_LOOP('',(#1224));
#814=EDGE_LOOP('',(#1225));
#815=EDGE_LOOP('',(#1226));
#816=EDGE_LOOP('',(#1227));
#817=EDGE_LOOP('',(#1228,#1229,#1230,#1231));
#818=EDGE_LOOP('',(#1232,#1233,#1234,#1235));
#819=EDGE_LOOP('',(#1236,#1237,#1238,#1239));
#820=EDGE_LOOP('',(#1240,#1241,#1242,#1243));
#821=EDGE_LOOP('',(#1244,#1245,#1246,#1247));
#822=EDGE_LOOP('',(#1248,#1249,#1250,#1251));
#823=EDGE_LOOP('',(#1252,#1253,#1254,#1255));
#824=EDGE_LOOP('',(#1256,#1257,#1258,#1259));
#825=EDGE_LOOP('',(#1260,#1261,#1262,#1263));
#826=EDGE_LOOP('',(#1264,#1265,#1266,#1267,#1268,#1269,#1270,#1271,#1272,
#1273,#1274));
#827=EDGE_LOOP('',(#1275,#1276,#1277,#1278,#1279,#1280,#1281,#1282,#1283,
#1284,#1285));
#828=EDGE_LOOP('',(#1286,#1287,#1288,#1289));
#829=EDGE_LOOP('',(#1290,#1291,#1292,#1293));
#830=EDGE_LOOP('',(#1294,#1295,#1296,#1297));
#831=EDGE_LOOP('',(#1298,#1299,#1300,#1301));
#832=EDGE_LOOP('',(#1302,#1303,#1304,#1305));
#833=EDGE_LOOP('',(#1306,#1307,#1308,#1309));
#834=EDGE_LOOP('',(#1310,#1311,#1312,#1313,#1314,#1315));
#835=EDGE_LOOP('',(#1316,#1317,#1318,#1319));
#836=EDGE_LOOP('',(#1320,#1321,#1322,#1323,#1324,#1325));
#837=EDGE_LOOP('',(#1326,#1327,#1328,#1329));
#838=EDGE_LOOP('',(#1330,#1331,#1332,#1333));
#839=EDGE_LOOP('',(#1334,#1335,#1336,#1337));
#840=EDGE_LOOP('',(#1338,#1339,#1340,#1341,#1342,#1343));
#841=EDGE_LOOP('',(#1344,#1345,#1346,#1347,#1348,#1349));
#842=EDGE_LOOP('',(#1350));
#843=EDGE_LOOP('',(#1351));
#844=EDGE_LOOP('',(#1352));
#845=EDGE_LOOP('',(#1353));
#846=EDGE_LOOP('',(#1354));
#847=EDGE_LOOP('',(#1355));
#848=EDGE_LOOP('',(#1356,#1357,#1358,#1359));
#849=EDGE_LOOP('',(#1360,#1361,#1362,#1363));
#850=EDGE_LOOP('',(#1364,#1365,#1366,#1367));
#851=EDGE_LOOP('',(#1368,#1369,#1370,#1371));
#852=EDGE_LOOP('',(#1372,#1373,#1374,#1375,#1376,#1377,#1378,#1379,#1380,
#1381,#1382,#1383,#1384,#1385,#1386,#1387,#1388,#1389,#1390,#1391,#1392,
#1393));
#853=EDGE_LOOP('',(#1394,#1395,#1396,#1397,#1398,#1399,#1400,#1401,#1402,
#1403,#1404,#1405,#1406,#1407,#1408,#1409,#1410,#1411,#1412,#1413,#1414,
#1415));
#854=EDGE_LOOP('',(#1416,#1417,#1418,#1419));
#855=EDGE_LOOP('',(#1420,#1421,#1422,#1423));
#856=EDGE_LOOP('',(#1424,#1425,#1426,#1427));
#857=EDGE_LOOP('',(#1428,#1429,#1430,#1431));
#858=EDGE_LOOP('',(#1432,#1433,#1434,#1435));
#859=EDGE_LOOP('',(#1436,#1437,#1438,#1439));
#860=EDGE_LOOP('',(#1440,#1441,#1442,#1443));
#861=EDGE_LOOP('',(#1444,#1445,#1446,#1447));
#862=EDGE_LOOP('',(#1448,#1449,#1450,#1451));
#863=EDGE_LOOP('',(#1452,#1453,#1454,#1455));
#864=EDGE_LOOP('',(#1456,#1457,#1458,#1459));
#865=EDGE_LOOP('',(#1460,#1461,#1462,#1463));
#866=EDGE_LOOP('',(#1464,#1465,#1466,#1467));
#867=EDGE_LOOP('',(#1468,#1469,#1470,#1471));
#868=EDGE_LOOP('',(#1472,#1473,#1474,#1475));
#869=EDGE_LOOP('',(#1476,#1477,#1478,#1479));
#870=EDGE_LOOP('',(#1480,#1481,#1482,#1483));
#871=EDGE_LOOP('',(#1484,#1485,#1486,#1487));
#872=EDGE_LOOP('',(#1488,#1489,#1490,#1491));
#873=EDGE_LOOP('',(#1492,#1493,#1494,#1495));
#874=EDGE_LOOP('',(#1496,#1497,#1498,#1499));
#875=EDGE_LOOP('',(#1500,#1501,#1502,#1503));
#876=EDGE_LOOP('',(#1504,#1505,#1506,#1507));
#877=EDGE_LOOP('',(#1508,#1509,#1510,#1511));
#878=EDGE_LOOP('',(#1512,#1513,#1514,#1515));
#879=EDGE_LOOP('',(#1516,#1517,#1518,#1519));
#880=EDGE_LOOP('',(#1520,#1521,#1522,#1523));
#881=EDGE_LOOP('',(#1524,#1525,#1526,#1527));
#882=EDGE_LOOP('',(#1528,#1529,#1530,#1531));
#883=EDGE_LOOP('',(#1532,#1533,#1534,#1535));
#884=EDGE_LOOP('',(#1536,#1537,#1538,#1539));
#885=EDGE_LOOP('',(#1540,#1541,#1542,#1543));
#886=EDGE_LOOP('',(#1544,#1545,#1546,#1547));
#887=EDGE_LOOP('',(#1548,#1549,#1550,#1551));
#888=EDGE_LOOP('',(#1552,#1553,#1554,#1555));
#889=EDGE_LOOP('',(#1556,#1557,#1558,#1559));
#890=EDGE_LOOP('',(#1560,#1561,#1562,#1563));
#891=EDGE_LOOP('',(#1564,#1565,#1566,#1567));
#892=EDGE_LOOP('',(#1568,#1569,#1570,#1571));
#893=EDGE_LOOP('',(#1572,#1573,#1574,#1575));
#894=ORIENTED_EDGE('',*,*,#1807,.F.);
#895=ORIENTED_EDGE('',*,*,#1808,.F.);
#896=ORIENTED_EDGE('',*,*,#1809,.F.);
#897=ORIENTED_EDGE('',*,*,#1810,.F.);
#898=ORIENTED_EDGE('',*,*,#1811,.F.);
#899=ORIENTED_EDGE('',*,*,#1812,.T.);
#900=ORIENTED_EDGE('',*,*,#1813,.F.);
#901=ORIENTED_EDGE('',*,*,#1812,.F.);
#902=ORIENTED_EDGE('',*,*,#1814,.F.);
#903=ORIENTED_EDGE('',*,*,#1815,.T.);
#904=ORIENTED_EDGE('',*,*,#1816,.F.);
#905=ORIENTED_EDGE('',*,*,#1815,.F.);
#906=ORIENTED_EDGE('',*,*,#1817,.F.);
#907=ORIENTED_EDGE('',*,*,#1818,.T.);
#908=ORIENTED_EDGE('',*,*,#1819,.F.);
#909=ORIENTED_EDGE('',*,*,#1820,.T.);
#910=ORIENTED_EDGE('',*,*,#1821,.F.);
#911=ORIENTED_EDGE('',*,*,#1822,.F.);
#912=ORIENTED_EDGE('',*,*,#1823,.F.);
#913=ORIENTED_EDGE('',*,*,#1824,.F.);
#914=ORIENTED_EDGE('',*,*,#1825,.F.);
#915=ORIENTED_EDGE('',*,*,#1826,.T.);
#916=ORIENTED_EDGE('',*,*,#1827,.F.);
#917=ORIENTED_EDGE('',*,*,#1826,.F.);
#918=ORIENTED_EDGE('',*,*,#1828,.F.);
#919=ORIENTED_EDGE('',*,*,#1829,.T.);
#920=ORIENTED_EDGE('',*,*,#1830,.F.);
#921=ORIENTED_EDGE('',*,*,#1829,.F.);
#922=ORIENTED_EDGE('',*,*,#1831,.F.);
#923=ORIENTED_EDGE('',*,*,#1832,.T.);
#924=ORIENTED_EDGE('',*,*,#1833,.F.);
#925=ORIENTED_EDGE('',*,*,#1834,.T.);
#926=ORIENTED_EDGE('',*,*,#1835,.T.);
#927=ORIENTED_EDGE('',*,*,#1809,.T.);
#928=ORIENTED_EDGE('',*,*,#1836,.T.);
#929=ORIENTED_EDGE('',*,*,#1837,.F.);
#930=ORIENTED_EDGE('',*,*,#1838,.T.);
#931=ORIENTED_EDGE('',*,*,#1833,.T.);
#932=ORIENTED_EDGE('',*,*,#1839,.T.);
#933=ORIENTED_EDGE('',*,*,#1823,.T.);
#934=ORIENTED_EDGE('',*,*,#1840,.T.);
#935=ORIENTED_EDGE('',*,*,#1841,.F.);
#936=ORIENTED_EDGE('',*,*,#1842,.T.);
#937=ORIENTED_EDGE('',*,*,#1819,.T.);
#938=ORIENTED_EDGE('',*,*,#1843,.T.);
#939=ORIENTED_EDGE('',*,*,#1844,.T.);
#940=ORIENTED_EDGE('',*,*,#1845,.T.);
#941=ORIENTED_EDGE('',*,*,#1846,.T.);
#942=ORIENTED_EDGE('',*,*,#1839,.F.);
#943=ORIENTED_EDGE('',*,*,#1832,.F.);
#944=ORIENTED_EDGE('',*,*,#1847,.F.);
#945=ORIENTED_EDGE('',*,*,#1824,.T.);
#946=ORIENTED_EDGE('',*,*,#1835,.F.);
#947=ORIENTED_EDGE('',*,*,#1818,.F.);
#948=ORIENTED_EDGE('',*,*,#1848,.F.);
#949=ORIENTED_EDGE('',*,*,#1810,.T.);
#950=ORIENTED_EDGE('',*,*,#1844,.F.);
#951=ORIENTED_EDGE('',*,*,#1849,.F.);
#952=ORIENTED_EDGE('',*,*,#1850,.F.);
#953=ORIENTED_EDGE('',*,*,#1851,.T.);
#954=ORIENTED_EDGE('',*,*,#1845,.F.);
#955=ORIENTED_EDGE('',*,*,#1851,.F.);
#956=ORIENTED_EDGE('',*,*,#1852,.F.);
#957=ORIENTED_EDGE('',*,*,#1853,.T.);
#958=ORIENTED_EDGE('',*,*,#1846,.F.);
#959=ORIENTED_EDGE('',*,*,#1853,.F.);
#960=ORIENTED_EDGE('',*,*,#1854,.F.);
#961=ORIENTED_EDGE('',*,*,#1855,.T.);
#962=ORIENTED_EDGE('',*,*,#1843,.F.);
#963=ORIENTED_EDGE('',*,*,#1855,.F.);
#964=ORIENTED_EDGE('',*,*,#1856,.F.);
#965=ORIENTED_EDGE('',*,*,#1849,.T.);
#966=ORIENTED_EDGE('',*,*,#1857,.T.);
#967=ORIENTED_EDGE('',*,*,#1807,.T.);
#968=ORIENTED_EDGE('',*,*,#1813,.T.);
#969=ORIENTED_EDGE('',*,*,#1816,.T.);
#970=ORIENTED_EDGE('',*,*,#1858,.T.);
#971=ORIENTED_EDGE('',*,*,#1859,.F.);
#972=ORIENTED_EDGE('',*,*,#1860,.F.);
#973=ORIENTED_EDGE('',*,*,#1861,.F.);
#974=ORIENTED_EDGE('',*,*,#1862,.F.);
#975=ORIENTED_EDGE('',*,*,#1863,.F.);
#976=ORIENTED_EDGE('',*,*,#1864,.F.);
#977=ORIENTED_EDGE('',*,*,#1836,.F.);
#978=ORIENTED_EDGE('',*,*,#1808,.T.);
#979=ORIENTED_EDGE('',*,*,#1857,.F.);
#980=ORIENTED_EDGE('',*,*,#1814,.T.);
#981=ORIENTED_EDGE('',*,*,#1811,.T.);
#982=ORIENTED_EDGE('',*,*,#1848,.T.);
#983=ORIENTED_EDGE('',*,*,#1817,.T.);
#984=ORIENTED_EDGE('',*,*,#1865,.F.);
#985=ORIENTED_EDGE('',*,*,#1858,.F.);
#986=ORIENTED_EDGE('',*,*,#1820,.F.);
#987=ORIENTED_EDGE('',*,*,#1842,.F.);
#988=ORIENTED_EDGE('',*,*,#1866,.T.);
#989=ORIENTED_EDGE('',*,*,#1867,.F.);
#990=ORIENTED_EDGE('',*,*,#1868,.F.);
#991=ORIENTED_EDGE('',*,*,#1869,.F.);
#992=ORIENTED_EDGE('',*,*,#1870,.F.);
#993=ORIENTED_EDGE('',*,*,#1871,.F.);
#994=ORIENTED_EDGE('',*,*,#1872,.T.);
#995=ORIENTED_EDGE('',*,*,#1821,.T.);
#996=ORIENTED_EDGE('',*,*,#1827,.T.);
#997=ORIENTED_EDGE('',*,*,#1830,.T.);
#998=ORIENTED_EDGE('',*,*,#1873,.F.);
#999=ORIENTED_EDGE('',*,*,#1840,.F.);
#1000=ORIENTED_EDGE('',*,*,#1822,.T.);
#1001=ORIENTED_EDGE('',*,*,#1872,.F.);
#1002=ORIENTED_EDGE('',*,*,#1847,.T.);
#1003=ORIENTED_EDGE('',*,*,#1831,.T.);
#1004=ORIENTED_EDGE('',*,*,#1828,.T.);
#1005=ORIENTED_EDGE('',*,*,#1825,.T.);
#1006=ORIENTED_EDGE('',*,*,#1874,.F.);
#1007=ORIENTED_EDGE('',*,*,#1866,.F.);
#1008=ORIENTED_EDGE('',*,*,#1834,.F.);
#1009=ORIENTED_EDGE('',*,*,#1838,.F.);
#1010=ORIENTED_EDGE('',*,*,#1864,.T.);
#1011=ORIENTED_EDGE('',*,*,#1863,.T.);
#1012=ORIENTED_EDGE('',*,*,#1875,.T.);
#1013=ORIENTED_EDGE('',*,*,#1876,.F.);
#1014=ORIENTED_EDGE('',*,*,#1877,.F.);
#1015=ORIENTED_EDGE('',*,*,#1867,.T.);
#1016=ORIENTED_EDGE('',*,*,#1874,.T.);
#1017=ORIENTED_EDGE('',*,*,#1837,.T.);
#1018=ORIENTED_EDGE('',*,*,#1873,.T.);
#1019=ORIENTED_EDGE('',*,*,#1871,.T.);
#1020=ORIENTED_EDGE('',*,*,#1878,.T.);
#1021=ORIENTED_EDGE('',*,*,#1879,.F.);
#1022=ORIENTED_EDGE('',*,*,#1880,.F.);
#1023=ORIENTED_EDGE('',*,*,#1859,.T.);
#1024=ORIENTED_EDGE('',*,*,#1865,.T.);
#1025=ORIENTED_EDGE('',*,*,#1841,.T.);
#1026=ORIENTED_EDGE('',*,*,#1856,.T.);
#1027=ORIENTED_EDGE('',*,*,#1854,.T.);
#1028=ORIENTED_EDGE('',*,*,#1852,.T.);
#1029=ORIENTED_EDGE('',*,*,#1850,.T.);
#1030=ORIENTED_EDGE('',*,*,#1860,.T.);
#1031=ORIENTED_EDGE('',*,*,#1880,.T.);
#1032=ORIENTED_EDGE('',*,*,#1881,.F.);
#1033=ORIENTED_EDGE('',*,*,#1882,.F.);
#1034=ORIENTED_EDGE('',*,*,#1861,.T.);
#1035=ORIENTED_EDGE('',*,*,#1882,.T.);
#1036=ORIENTED_EDGE('',*,*,#1883,.F.);
#1037=ORIENTED_EDGE('',*,*,#1884,.F.);
#1038=ORIENTED_EDGE('',*,*,#1862,.T.);
#1039=ORIENTED_EDGE('',*,*,#1884,.T.);
#1040=ORIENTED_EDGE('',*,*,#1885,.F.);
#1041=ORIENTED_EDGE('',*,*,#1875,.F.);
#1042=ORIENTED_EDGE('',*,*,#1868,.T.);
#1043=ORIENTED_EDGE('',*,*,#1877,.T.);
#1044=ORIENTED_EDGE('',*,*,#1886,.F.);
#1045=ORIENTED_EDGE('',*,*,#1887,.F.);
#1046=ORIENTED_EDGE('',*,*,#1869,.T.);
#1047=ORIENTED_EDGE('',*,*,#1887,.T.);
#1048=ORIENTED_EDGE('',*,*,#1888,.F.);
#1049=ORIENTED_EDGE('',*,*,#1889,.F.);
#1050=ORIENTED_EDGE('',*,*,#1870,.T.);
#1051=ORIENTED_EDGE('',*,*,#1889,.T.);
#1052=ORIENTED_EDGE('',*,*,#1890,.F.);
#1053=ORIENTED_EDGE('',*,*,#1878,.F.);
#1054=ORIENTED_EDGE('',*,*,#1886,.T.);
#1055=ORIENTED_EDGE('',*,*,#1876,.T.);
#1056=ORIENTED_EDGE('',*,*,#1885,.T.);
#1057=ORIENTED_EDGE('',*,*,#1883,.T.);
#1058=ORIENTED_EDGE('',*,*,#1881,.T.);
#1059=ORIENTED_EDGE('',*,*,#1879,.T.);
#1060=ORIENTED_EDGE('',*,*,#1890,.T.);
#1061=ORIENTED_EDGE('',*,*,#1888,.T.);
#1062=ORIENTED_EDGE('',*,*,#1891,.F.);
#1063=ORIENTED_EDGE('',*,*,#1892,.F.);
#1064=ORIENTED_EDGE('',*,*,#1893,.F.);
#1065=ORIENTED_EDGE('',*,*,#1894,.F.);
#1066=ORIENTED_EDGE('',*,*,#1895,.F.);
#1067=ORIENTED_EDGE('',*,*,#1891,.T.);
#1068=ORIENTED_EDGE('',*,*,#1896,.F.);
#1069=ORIENTED_EDGE('',*,*,#1892,.T.);
#1070=ORIENTED_EDGE('',*,*,#1897,.F.);
#1071=ORIENTED_EDGE('',*,*,#1893,.T.);
#1072=ORIENTED_EDGE('',*,*,#1898,.F.);
#1073=ORIENTED_EDGE('',*,*,#1894,.T.);
#1074=ORIENTED_EDGE('',*,*,#1899,.F.);
#1075=ORIENTED_EDGE('',*,*,#1895,.T.);
#1076=ORIENTED_EDGE('',*,*,#1900,.F.);
#1077=ORIENTED_EDGE('',*,*,#1896,.T.);
#1078=ORIENTED_EDGE('',*,*,#1901,.F.);
#1079=ORIENTED_EDGE('',*,*,#1897,.T.);
#1080=ORIENTED_EDGE('',*,*,#1902,.F.);
#1081=ORIENTED_EDGE('',*,*,#1898,.T.);
#1082=ORIENTED_EDGE('',*,*,#1903,.F.);
#1083=ORIENTED_EDGE('',*,*,#1899,.T.);
#1084=ORIENTED_EDGE('',*,*,#1904,.F.);
#1085=ORIENTED_EDGE('',*,*,#1900,.T.);
#1086=ORIENTED_EDGE('',*,*,#1905,.F.);
#1087=ORIENTED_EDGE('',*,*,#1901,.T.);
#1088=ORIENTED_EDGE('',*,*,#1906,.F.);
#1089=ORIENTED_EDGE('',*,*,#1902,.T.);
#1090=ORIENTED_EDGE('',*,*,#1903,.T.);
#1091=ORIENTED_EDGE('',*,*,#1907,.F.);
#1092=ORIENTED_EDGE('',*,*,#1904,.T.);
#1093=ORIENTED_EDGE('',*,*,#1908,.F.);
#1094=ORIENTED_EDGE('',*,*,#1905,.T.);
#1095=ORIENTED_EDGE('',*,*,#1909,.F.);
#1096=ORIENTED_EDGE('',*,*,#1906,.T.);
#1097=ORIENTED_EDGE('',*,*,#1910,.F.);
#1098=ORIENTED_EDGE('',*,*,#1907,.T.);
#1099=ORIENTED_EDGE('',*,*,#1908,.T.);
#1100=ORIENTED_EDGE('',*,*,#1909,.T.);
#1101=ORIENTED_EDGE('',*,*,#1910,.T.);
#1102=ORIENTED_EDGE('',*,*,#1911,.T.);
#1103=ORIENTED_EDGE('',*,*,#1912,.T.);
#1104=ORIENTED_EDGE('',*,*,#1913,.F.);
#1105=ORIENTED_EDGE('',*,*,#1914,.F.);
#1106=ORIENTED_EDGE('',*,*,#1915,.F.);
#1107=ORIENTED_EDGE('',*,*,#1916,.F.);
#1108=ORIENTED_EDGE('',*,*,#1917,.F.);
#1109=ORIENTED_EDGE('',*,*,#1918,.F.);
#1110=ORIENTED_EDGE('',*,*,#1919,.F.);
#1111=ORIENTED_EDGE('',*,*,#1912,.F.);
#1112=ORIENTED_EDGE('',*,*,#1920,.T.);
#1113=ORIENTED_EDGE('',*,*,#1921,.T.);
#1114=ORIENTED_EDGE('',*,*,#1922,.T.);
#1115=ORIENTED_EDGE('',*,*,#1923,.T.);
#1116=ORIENTED_EDGE('',*,*,#1924,.T.);
#1117=ORIENTED_EDGE('',*,*,#1925,.F.);
#1118=ORIENTED_EDGE('',*,*,#1926,.F.);
#1119=ORIENTED_EDGE('',*,*,#1927,.F.);
#1120=ORIENTED_EDGE('',*,*,#1928,.F.);
#1121=ORIENTED_EDGE('',*,*,#1929,.F.);
#1122=ORIENTED_EDGE('',*,*,#1930,.T.);
#1123=ORIENTED_EDGE('',*,*,#1914,.T.);
#1124=ORIENTED_EDGE('',*,*,#1931,.T.);
#1125=ORIENTED_EDGE('',*,*,#1932,.T.);
#1126=ORIENTED_EDGE('',*,*,#1933,.T.);
#1127=ORIENTED_EDGE('',*,*,#1934,.T.);
#1128=ORIENTED_EDGE('',*,*,#1913,.T.);
#1129=ORIENTED_EDGE('',*,*,#1919,.T.);
#1130=ORIENTED_EDGE('',*,*,#1935,.F.);
#1131=ORIENTED_EDGE('',*,*,#1931,.F.);
#1132=ORIENTED_EDGE('',*,*,#1930,.F.);
#1133=ORIENTED_EDGE('',*,*,#1936,.F.);
#1134=ORIENTED_EDGE('',*,*,#1920,.F.);
#1135=ORIENTED_EDGE('',*,*,#1911,.F.);
#1136=ORIENTED_EDGE('',*,*,#1936,.T.);
#1137=ORIENTED_EDGE('',*,*,#1929,.T.);
#1138=ORIENTED_EDGE('',*,*,#1937,.F.);
#1139=ORIENTED_EDGE('',*,*,#1921,.F.);
#1140=ORIENTED_EDGE('',*,*,#1935,.T.);
#1141=ORIENTED_EDGE('',*,*,#1918,.T.);
#1142=ORIENTED_EDGE('',*,*,#1938,.F.);
#1143=ORIENTED_EDGE('',*,*,#1932,.F.);
#1144=ORIENTED_EDGE('',*,*,#1937,.T.);
#1145=ORIENTED_EDGE('',*,*,#1928,.T.);
#1146=ORIENTED_EDGE('',*,*,#1939,.F.);
#1147=ORIENTED_EDGE('',*,*,#1922,.F.);
#1148=ORIENTED_EDGE('',*,*,#1938,.T.);
#1149=ORIENTED_EDGE('',*,*,#1917,.T.);
#1150=ORIENTED_EDGE('',*,*,#1940,.F.);
#1151=ORIENTED_EDGE('',*,*,#1933,.F.);
#1152=ORIENTED_EDGE('',*,*,#1941,.F.);
#1153=ORIENTED_EDGE('',*,*,#1934,.F.);
#1154=ORIENTED_EDGE('',*,*,#1940,.T.);
#1155=ORIENTED_EDGE('',*,*,#1916,.T.);
#1156=ORIENTED_EDGE('',*,*,#1942,.F.);
#1157=ORIENTED_EDGE('',*,*,#1943,.F.);
#1158=ORIENTED_EDGE('',*,*,#1939,.T.);
#1159=ORIENTED_EDGE('',*,*,#1927,.T.);
#1160=ORIENTED_EDGE('',*,*,#1944,.F.);
#1161=ORIENTED_EDGE('',*,*,#1923,.F.);
#1162=ORIENTED_EDGE('',*,*,#1945,.F.);
#1163=ORIENTED_EDGE('',*,*,#1946,.F.);
#1164=ORIENTED_EDGE('',*,*,#1947,.F.);
#1165=ORIENTED_EDGE('',*,*,#1924,.F.);
#1166=ORIENTED_EDGE('',*,*,#1944,.T.);
#1167=ORIENTED_EDGE('',*,*,#1926,.T.);
#1168=ORIENTED_EDGE('',*,*,#1948,.F.);
#1169=ORIENTED_EDGE('',*,*,#1943,.T.);
#1170=ORIENTED_EDGE('',*,*,#1949,.F.);
#1171=ORIENTED_EDGE('',*,*,#1950,.F.);
#1172=ORIENTED_EDGE('',*,*,#1951,.F.);
#1173=ORIENTED_EDGE('',*,*,#1952,.F.);
#1174=ORIENTED_EDGE('',*,*,#1953,.F.);
#1175=ORIENTED_EDGE('',*,*,#1946,.T.);
#1176=ORIENTED_EDGE('',*,*,#1954,.T.);
#1177=ORIENTED_EDGE('',*,*,#1950,.T.);
#1178=ORIENTED_EDGE('',*,*,#1955,.T.);
#1179=ORIENTED_EDGE('',*,*,#1952,.T.);
#1180=ORIENTED_EDGE('',*,*,#1915,.T.);
#1181=ORIENTED_EDGE('',*,*,#1947,.T.);
#1182=ORIENTED_EDGE('',*,*,#1953,.T.);
#1183=ORIENTED_EDGE('',*,*,#1955,.F.);
#1184=ORIENTED_EDGE('',*,*,#1949,.T.);
#1185=ORIENTED_EDGE('',*,*,#1942,.T.);
#1186=ORIENTED_EDGE('',*,*,#1925,.T.);
#1187=ORIENTED_EDGE('',*,*,#1941,.T.);
#1188=ORIENTED_EDGE('',*,*,#1948,.T.);
#1189=ORIENTED_EDGE('',*,*,#1954,.F.);
#1190=ORIENTED_EDGE('',*,*,#1951,.T.);
#1191=ORIENTED_EDGE('',*,*,#1945,.T.);
#1192=ORIENTED_EDGE('',*,*,#1956,.F.);
#1193=ORIENTED_EDGE('',*,*,#1957,.F.);
#1194=ORIENTED_EDGE('',*,*,#1958,.F.);
#1195=ORIENTED_EDGE('',*,*,#1959,.F.);
#1196=ORIENTED_EDGE('',*,*,#1960,.F.);
#1197=ORIENTED_EDGE('',*,*,#1961,.F.);
#1198=ORIENTED_EDGE('',*,*,#1962,.F.);
#1199=ORIENTED_EDGE('',*,*,#1963,.F.);
#1200=ORIENTED_EDGE('',*,*,#1964,.T.);
#1201=ORIENTED_EDGE('',*,*,#1965,.T.);
#1202=ORIENTED_EDGE('',*,*,#1966,.T.);
#1203=ORIENTED_EDGE('',*,*,#1967,.T.);
#1204=ORIENTED_EDGE('',*,*,#1968,.T.);
#1205=ORIENTED_EDGE('',*,*,#1969,.T.);
#1206=ORIENTED_EDGE('',*,*,#1970,.T.);
#1207=ORIENTED_EDGE('',*,*,#1971,.T.);
#1208=ORIENTED_EDGE('',*,*,#1972,.T.);
#1209=ORIENTED_EDGE('',*,*,#1973,.T.);
#1210=ORIENTED_EDGE('',*,*,#1974,.T.);
#1211=ORIENTED_EDGE('',*,*,#1975,.T.);
#1212=ORIENTED_EDGE('',*,*,#1976,.T.);
#1213=ORIENTED_EDGE('',*,*,#1977,.T.);
#1214=ORIENTED_EDGE('',*,*,#1978,.T.);
#1215=ORIENTED_EDGE('',*,*,#1979,.T.);
#1216=ORIENTED_EDGE('',*,*,#1980,.T.);
#1217=ORIENTED_EDGE('',*,*,#1981,.T.);
#1218=ORIENTED_EDGE('',*,*,#1981,.F.);
#1219=ORIENTED_EDGE('',*,*,#1968,.F.);
#1220=ORIENTED_EDGE('',*,*,#1980,.F.);
#1221=ORIENTED_EDGE('',*,*,#1967,.F.);
#1222=ORIENTED_EDGE('',*,*,#1979,.F.);
#1223=ORIENTED_EDGE('',*,*,#1966,.F.);
#1224=ORIENTED_EDGE('',*,*,#1978,.F.);
#1225=ORIENTED_EDGE('',*,*,#1965,.F.);
#1226=ORIENTED_EDGE('',*,*,#1977,.F.);
#1227=ORIENTED_EDGE('',*,*,#1964,.F.);
#1228=ORIENTED_EDGE('',*,*,#1956,.T.);
#1229=ORIENTED_EDGE('',*,*,#1982,.T.);
#1230=ORIENTED_EDGE('',*,*,#1976,.F.);
#1231=ORIENTED_EDGE('',*,*,#1983,.F.);
#1232=ORIENTED_EDGE('',*,*,#1957,.T.);
#1233=ORIENTED_EDGE('',*,*,#1983,.T.);
#1234=ORIENTED_EDGE('',*,*,#1975,.F.);
#1235=ORIENTED_EDGE('',*,*,#1984,.F.);
#1236=ORIENTED_EDGE('',*,*,#1958,.T.);
#1237=ORIENTED_EDGE('',*,*,#1984,.T.);
#1238=ORIENTED_EDGE('',*,*,#1974,.F.);
#1239=ORIENTED_EDGE('',*,*,#1985,.F.);
#1240=ORIENTED_EDGE('',*,*,#1959,.T.);
#1241=ORIENTED_EDGE('',*,*,#1985,.T.);
#1242=ORIENTED_EDGE('',*,*,#1973,.F.);
#1243=ORIENTED_EDGE('',*,*,#1986,.F.);
#1244=ORIENTED_EDGE('',*,*,#1960,.T.);
#1245=ORIENTED_EDGE('',*,*,#1986,.T.);
#1246=ORIENTED_EDGE('',*,*,#1972,.F.);
#1247=ORIENTED_EDGE('',*,*,#1987,.F.);
#1248=ORIENTED_EDGE('',*,*,#1961,.T.);
#1249=ORIENTED_EDGE('',*,*,#1987,.T.);
#1250=ORIENTED_EDGE('',*,*,#1971,.F.);
#1251=ORIENTED_EDGE('',*,*,#1988,.F.);
#1252=ORIENTED_EDGE('',*,*,#1962,.T.);
#1253=ORIENTED_EDGE('',*,*,#1988,.T.);
#1254=ORIENTED_EDGE('',*,*,#1970,.F.);
#1255=ORIENTED_EDGE('',*,*,#1989,.F.);
#1256=ORIENTED_EDGE('',*,*,#1963,.T.);
#1257=ORIENTED_EDGE('',*,*,#1989,.T.);
#1258=ORIENTED_EDGE('',*,*,#1969,.F.);
#1259=ORIENTED_EDGE('',*,*,#1982,.F.);
#1260=ORIENTED_EDGE('',*,*,#1990,.T.);
#1261=ORIENTED_EDGE('',*,*,#1991,.T.);
#1262=ORIENTED_EDGE('',*,*,#1992,.F.);
#1263=ORIENTED_EDGE('',*,*,#1993,.F.);
#1264=ORIENTED_EDGE('',*,*,#1994,.F.);
#1265=ORIENTED_EDGE('',*,*,#1995,.F.);
#1266=ORIENTED_EDGE('',*,*,#1996,.F.);
#1267=ORIENTED_EDGE('',*,*,#1997,.F.);
#1268=ORIENTED_EDGE('',*,*,#1998,.F.);
#1269=ORIENTED_EDGE('',*,*,#1992,.T.);
#1270=ORIENTED_EDGE('',*,*,#1999,.T.);
#1271=ORIENTED_EDGE('',*,*,#2000,.T.);
#1272=ORIENTED_EDGE('',*,*,#2001,.T.);
#1273=ORIENTED_EDGE('',*,*,#2002,.T.);
#1274=ORIENTED_EDGE('',*,*,#2003,.T.);
#1275=ORIENTED_EDGE('',*,*,#2004,.F.);
#1276=ORIENTED_EDGE('',*,*,#2005,.F.);
#1277=ORIENTED_EDGE('',*,*,#2006,.F.);
#1278=ORIENTED_EDGE('',*,*,#2007,.F.);
#1279=ORIENTED_EDGE('',*,*,#1990,.F.);
#1280=ORIENTED_EDGE('',*,*,#2008,.F.);
#1281=ORIENTED_EDGE('',*,*,#2009,.T.);
#1282=ORIENTED_EDGE('',*,*,#2010,.T.);
#1283=ORIENTED_EDGE('',*,*,#2011,.T.);
#1284=ORIENTED_EDGE('',*,*,#2012,.T.);
#1285=ORIENTED_EDGE('',*,*,#2013,.T.);
#1286=ORIENTED_EDGE('',*,*,#2007,.T.);
#1287=ORIENTED_EDGE('',*,*,#2014,.T.);
#1288=ORIENTED_EDGE('',*,*,#1999,.F.);
#1289=ORIENTED_EDGE('',*,*,#1991,.F.);
#1290=ORIENTED_EDGE('',*,*,#1993,.T.);
#1291=ORIENTED_EDGE('',*,*,#1998,.T.);
#1292=ORIENTED_EDGE('',*,*,#2015,.T.);
#1293=ORIENTED_EDGE('',*,*,#2008,.T.);
#1294=ORIENTED_EDGE('',*,*,#1997,.T.);
#1295=ORIENTED_EDGE('',*,*,#2016,.T.);
#1296=ORIENTED_EDGE('',*,*,#2009,.F.);
#1297=ORIENTED_EDGE('',*,*,#2015,.F.);
#1298=ORIENTED_EDGE('',*,*,#2006,.T.);
#1299=ORIENTED_EDGE('',*,*,#2017,.T.);
#1300=ORIENTED_EDGE('',*,*,#2000,.F.);
#1301=ORIENTED_EDGE('',*,*,#2014,.F.);
#1302=ORIENTED_EDGE('',*,*,#1996,.T.);
#1303=ORIENTED_EDGE('',*,*,#2018,.T.);
#1304=ORIENTED_EDGE('',*,*,#2010,.F.);
#1305=ORIENTED_EDGE('',*,*,#2016,.F.);
#1306=ORIENTED_EDGE('',*,*,#2005,.T.);
#1307=ORIENTED_EDGE('',*,*,#2019,.T.);
#1308=ORIENTED_EDGE('',*,*,#2001,.F.);
#1309=ORIENTED_EDGE('',*,*,#2017,.F.);
#1310=ORIENTED_EDGE('',*,*,#2020,.T.);
#1311=ORIENTED_EDGE('',*,*,#2021,.T.);
#1312=ORIENTED_EDGE('',*,*,#2002,.F.);
#1313=ORIENTED_EDGE('',*,*,#2019,.F.);
#1314=ORIENTED_EDGE('',*,*,#2004,.T.);
#1315=ORIENTED_EDGE('',*,*,#2022,.T.);
#1316=ORIENTED_EDGE('',*,*,#1995,.T.);
#1317=ORIENTED_EDGE('',*,*,#2023,.T.);
#1318=ORIENTED_EDGE('',*,*,#2011,.F.);
#1319=ORIENTED_EDGE('',*,*,#2018,.F.);
#1320=ORIENTED_EDGE('',*,*,#2012,.F.);
#1321=ORIENTED_EDGE('',*,*,#2023,.F.);
#1322=ORIENTED_EDGE('',*,*,#1994,.T.);
#1323=ORIENTED_EDGE('',*,*,#2024,.T.);
#1324=ORIENTED_EDGE('',*,*,#2025,.T.);
#1325=ORIENTED_EDGE('',*,*,#2026,.T.);
#1326=ORIENTED_EDGE('',*,*,#2027,.T.);
#1327=ORIENTED_EDGE('',*,*,#2028,.T.);
#1328=ORIENTED_EDGE('',*,*,#2020,.F.);
#1329=ORIENTED_EDGE('',*,*,#2029,.T.);
#1330=ORIENTED_EDGE('',*,*,#2025,.F.);
#1331=ORIENTED_EDGE('',*,*,#2030,.T.);
#1332=ORIENTED_EDGE('',*,*,#2031,.T.);
#1333=ORIENTED_EDGE('',*,*,#2032,.T.);
#1334=ORIENTED_EDGE('',*,*,#2031,.F.);
#1335=ORIENTED_EDGE('',*,*,#2033,.F.);
#1336=ORIENTED_EDGE('',*,*,#2027,.F.);
#1337=ORIENTED_EDGE('',*,*,#2034,.F.);
#1338=ORIENTED_EDGE('',*,*,#2021,.F.);
#1339=ORIENTED_EDGE('',*,*,#2028,.F.);
#1340=ORIENTED_EDGE('',*,*,#2033,.T.);
#1341=ORIENTED_EDGE('',*,*,#2030,.F.);
#1342=ORIENTED_EDGE('',*,*,#2024,.F.);
#1343=ORIENTED_EDGE('',*,*,#2003,.F.);
#1344=ORIENTED_EDGE('',*,*,#2026,.F.);
#1345=ORIENTED_EDGE('',*,*,#2032,.F.);
#1346=ORIENTED_EDGE('',*,*,#2034,.T.);
#1347=ORIENTED_EDGE('',*,*,#2029,.F.);
#1348=ORIENTED_EDGE('',*,*,#2022,.F.);
#1349=ORIENTED_EDGE('',*,*,#2013,.F.);
#1350=ORIENTED_EDGE('',*,*,#2035,.T.);
#1351=ORIENTED_EDGE('',*,*,#2036,.F.);
#1352=ORIENTED_EDGE('',*,*,#2037,.T.);
#1353=ORIENTED_EDGE('',*,*,#2035,.F.);
#1354=ORIENTED_EDGE('',*,*,#2036,.T.);
#1355=ORIENTED_EDGE('',*,*,#2037,.F.);
#1356=ORIENTED_EDGE('',*,*,#2038,.T.);
#1357=ORIENTED_EDGE('',*,*,#2039,.T.);
#1358=ORIENTED_EDGE('',*,*,#2040,.T.);
#1359=ORIENTED_EDGE('',*,*,#2041,.T.);
#1360=ORIENTED_EDGE('',*,*,#2042,.T.);
#1361=ORIENTED_EDGE('',*,*,#2043,.T.);
#1362=ORIENTED_EDGE('',*,*,#2044,.T.);
#1363=ORIENTED_EDGE('',*,*,#2045,.T.);
#1364=ORIENTED_EDGE('',*,*,#2046,.T.);
#1365=ORIENTED_EDGE('',*,*,#2047,.T.);
#1366=ORIENTED_EDGE('',*,*,#2048,.T.);
#1367=ORIENTED_EDGE('',*,*,#2049,.T.);
#1368=ORIENTED_EDGE('',*,*,#2050,.T.);
#1369=ORIENTED_EDGE('',*,*,#2051,.T.);
#1370=ORIENTED_EDGE('',*,*,#2052,.T.);
#1371=ORIENTED_EDGE('',*,*,#2053,.T.);
#1372=ORIENTED_EDGE('',*,*,#2054,.T.);
#1373=ORIENTED_EDGE('',*,*,#2055,.T.);
#1374=ORIENTED_EDGE('',*,*,#2056,.T.);
#1375=ORIENTED_EDGE('',*,*,#2057,.T.);
#1376=ORIENTED_EDGE('',*,*,#2058,.T.);
#1377=ORIENTED_EDGE('',*,*,#2049,.F.);
#1378=ORIENTED_EDGE('',*,*,#2059,.T.);
#1379=ORIENTED_EDGE('',*,*,#2045,.F.);
#1380=ORIENTED_EDGE('',*,*,#2060,.T.);
#1381=ORIENTED_EDGE('',*,*,#2061,.T.);
#1382=ORIENTED_EDGE('',*,*,#2062,.T.);
#1383=ORIENTED_EDGE('',*,*,#2063,.T.);
#1384=ORIENTED_EDGE('',*,*,#2064,.T.);
#1385=ORIENTED_EDGE('',*,*,#2065,.F.);
#1386=ORIENTED_EDGE('',*,*,#2066,.T.);
#1387=ORIENTED_EDGE('',*,*,#2067,.T.);
#1388=ORIENTED_EDGE('',*,*,#2041,.F.);
#1389=ORIENTED_EDGE('',*,*,#2068,.T.);
#1390=ORIENTED_EDGE('',*,*,#2053,.F.);
#1391=ORIENTED_EDGE('',*,*,#2069,.T.);
#1392=ORIENTED_EDGE('',*,*,#2070,.F.);
#1393=ORIENTED_EDGE('',*,*,#2071,.T.);
#1394=ORIENTED_EDGE('',*,*,#2072,.T.);
#1395=ORIENTED_EDGE('',*,*,#2073,.T.);
#1396=ORIENTED_EDGE('',*,*,#2074,.T.);
#1397=ORIENTED_EDGE('',*,*,#2075,.T.);
#1398=ORIENTED_EDGE('',*,*,#2076,.T.);
#1399=ORIENTED_EDGE('',*,*,#2077,.T.);
#1400=ORIENTED_EDGE('',*,*,#2078,.T.);
#1401=ORIENTED_EDGE('',*,*,#2079,.T.);
#1402=ORIENTED_EDGE('',*,*,#2080,.T.);
#1403=ORIENTED_EDGE('',*,*,#2081,.T.);
#1404=ORIENTED_EDGE('',*,*,#2082,.T.);
#1405=ORIENTED_EDGE('',*,*,#2083,.T.);
#1406=ORIENTED_EDGE('',*,*,#2084,.T.);
#1407=ORIENTED_EDGE('',*,*,#2085,.T.);
#1408=ORIENTED_EDGE('',*,*,#2086,.T.);
#1409=ORIENTED_EDGE('',*,*,#2087,.T.);
#1410=ORIENTED_EDGE('',*,*,#2088,.T.);
#1411=ORIENTED_EDGE('',*,*,#2089,.T.);
#1412=ORIENTED_EDGE('',*,*,#2090,.T.);
#1413=ORIENTED_EDGE('',*,*,#2091,.T.);
#1414=ORIENTED_EDGE('',*,*,#2092,.T.);
#1415=ORIENTED_EDGE('',*,*,#2093,.T.);
#1416=ORIENTED_EDGE('',*,*,#2040,.F.);
#1417=ORIENTED_EDGE('',*,*,#2094,.T.);
#1418=ORIENTED_EDGE('',*,*,#2050,.F.);
#1419=ORIENTED_EDGE('',*,*,#2068,.F.);
#1420=ORIENTED_EDGE('',*,*,#2095,.T.);
#1421=ORIENTED_EDGE('',*,*,#2096,.T.);
#1422=ORIENTED_EDGE('',*,*,#2046,.F.);
#1423=ORIENTED_EDGE('',*,*,#2058,.F.);
#1424=ORIENTED_EDGE('',*,*,#2048,.F.);
#1425=ORIENTED_EDGE('',*,*,#2097,.T.);
#1426=ORIENTED_EDGE('',*,*,#2042,.F.);
#1427=ORIENTED_EDGE('',*,*,#2059,.F.);
#1428=ORIENTED_EDGE('',*,*,#2098,.T.);
#1429=ORIENTED_EDGE('',*,*,#2099,.T.);
#1430=ORIENTED_EDGE('',*,*,#2038,.F.);
#1431=ORIENTED_EDGE('',*,*,#2067,.F.);
#1432=ORIENTED_EDGE('',*,*,#2100,.T.);
#1433=ORIENTED_EDGE('',*,*,#2101,.T.);
#1434=ORIENTED_EDGE('',*,*,#2102,.T.);
#1435=ORIENTED_EDGE('',*,*,#2065,.T.);
#1436=ORIENTED_EDGE('',*,*,#2103,.T.);
#1437=ORIENTED_EDGE('',*,*,#2104,.T.);
#1438=ORIENTED_EDGE('',*,*,#2105,.T.);
#1439=ORIENTED_EDGE('',*,*,#2061,.F.);
#1440=ORIENTED_EDGE('',*,*,#2106,.T.);
#1441=ORIENTED_EDGE('',*,*,#2107,.T.);
#1442=ORIENTED_EDGE('',*,*,#2108,.T.);
#1443=ORIENTED_EDGE('',*,*,#2063,.F.);
#1444=ORIENTED_EDGE('',*,*,#2109,.T.);
#1445=ORIENTED_EDGE('',*,*,#2110,.T.);
#1446=ORIENTED_EDGE('',*,*,#2111,.T.);
#1447=ORIENTED_EDGE('',*,*,#2070,.T.);
#1448=ORIENTED_EDGE('',*,*,#2112,.T.);
#1449=ORIENTED_EDGE('',*,*,#2113,.T.);
#1450=ORIENTED_EDGE('',*,*,#2114,.T.);
#1451=ORIENTED_EDGE('',*,*,#2056,.F.);
#1452=ORIENTED_EDGE('',*,*,#2115,.T.);
#1453=ORIENTED_EDGE('',*,*,#2116,.T.);
#1454=ORIENTED_EDGE('',*,*,#2117,.T.);
#1455=ORIENTED_EDGE('',*,*,#2054,.F.);
#1456=ORIENTED_EDGE('',*,*,#2114,.F.);
#1457=ORIENTED_EDGE('',*,*,#2118,.T.);
#1458=ORIENTED_EDGE('',*,*,#2095,.F.);
#1459=ORIENTED_EDGE('',*,*,#2057,.F.);
#1460=ORIENTED_EDGE('',*,*,#2102,.F.);
#1461=ORIENTED_EDGE('',*,*,#2119,.T.);
#1462=ORIENTED_EDGE('',*,*,#2098,.F.);
#1463=ORIENTED_EDGE('',*,*,#2066,.F.);
#1464=ORIENTED_EDGE('',*,*,#2044,.F.);
#1465=ORIENTED_EDGE('',*,*,#2120,.T.);
#1466=ORIENTED_EDGE('',*,*,#2103,.F.);
#1467=ORIENTED_EDGE('',*,*,#2060,.F.);
#1468=ORIENTED_EDGE('',*,*,#2052,.F.);
#1469=ORIENTED_EDGE('',*,*,#2121,.T.);
#1470=ORIENTED_EDGE('',*,*,#2109,.F.);
#1471=ORIENTED_EDGE('',*,*,#2069,.F.);
#1472=ORIENTED_EDGE('',*,*,#2111,.F.);
#1473=ORIENTED_EDGE('',*,*,#2122,.T.);
#1474=ORIENTED_EDGE('',*,*,#2115,.F.);
#1475=ORIENTED_EDGE('',*,*,#2071,.F.);
#1476=ORIENTED_EDGE('',*,*,#2117,.F.);
#1477=ORIENTED_EDGE('',*,*,#2123,.T.);
#1478=ORIENTED_EDGE('',*,*,#2112,.F.);
#1479=ORIENTED_EDGE('',*,*,#2055,.F.);
#1480=ORIENTED_EDGE('',*,*,#2105,.F.);
#1481=ORIENTED_EDGE('',*,*,#2124,.T.);
#1482=ORIENTED_EDGE('',*,*,#2106,.F.);
#1483=ORIENTED_EDGE('',*,*,#2062,.F.);
#1484=ORIENTED_EDGE('',*,*,#2108,.F.);
#1485=ORIENTED_EDGE('',*,*,#2125,.T.);
#1486=ORIENTED_EDGE('',*,*,#2100,.F.);
#1487=ORIENTED_EDGE('',*,*,#2064,.F.);
#1488=ORIENTED_EDGE('',*,*,#2126,.F.);
#1489=ORIENTED_EDGE('',*,*,#2118,.F.);
#1490=ORIENTED_EDGE('',*,*,#2127,.T.);
#1491=ORIENTED_EDGE('',*,*,#2090,.F.);
#1492=ORIENTED_EDGE('',*,*,#2127,.F.);
#1493=ORIENTED_EDGE('',*,*,#2113,.F.);
#1494=ORIENTED_EDGE('',*,*,#2128,.F.);
#1495=ORIENTED_EDGE('',*,*,#2091,.F.);
#1496=ORIENTED_EDGE('',*,*,#2126,.T.);
#1497=ORIENTED_EDGE('',*,*,#2089,.F.);
#1498=ORIENTED_EDGE('',*,*,#2129,.F.);
#1499=ORIENTED_EDGE('',*,*,#2096,.F.);
#1500=ORIENTED_EDGE('',*,*,#2128,.T.);
#1501=ORIENTED_EDGE('',*,*,#2123,.F.);
#1502=ORIENTED_EDGE('',*,*,#2130,.F.);
#1503=ORIENTED_EDGE('',*,*,#2092,.F.);
#1504=ORIENTED_EDGE('',*,*,#2129,.T.);
#1505=ORIENTED_EDGE('',*,*,#2088,.F.);
#1506=ORIENTED_EDGE('',*,*,#2131,.F.);
#1507=ORIENTED_EDGE('',*,*,#2047,.F.);
#1508=ORIENTED_EDGE('',*,*,#2130,.T.);
#1509=ORIENTED_EDGE('',*,*,#2116,.F.);
#1510=ORIENTED_EDGE('',*,*,#2132,.F.);
#1511=ORIENTED_EDGE('',*,*,#2093,.F.);
#1512=ORIENTED_EDGE('',*,*,#2131,.T.);
#1513=ORIENTED_EDGE('',*,*,#2087,.F.);
#1514=ORIENTED_EDGE('',*,*,#2133,.F.);
#1515=ORIENTED_EDGE('',*,*,#2097,.F.);
#1516=ORIENTED_EDGE('',*,*,#2132,.T.);
#1517=ORIENTED_EDGE('',*,*,#2122,.F.);
#1518=ORIENTED_EDGE('',*,*,#2134,.T.);
#1519=ORIENTED_EDGE('',*,*,#2072,.F.);
#1520=ORIENTED_EDGE('',*,*,#2133,.T.);
#1521=ORIENTED_EDGE('',*,*,#2086,.F.);
#1522=ORIENTED_EDGE('',*,*,#2135,.F.);
#1523=ORIENTED_EDGE('',*,*,#2043,.F.);
#1524=ORIENTED_EDGE('',*,*,#2134,.F.);
#1525=ORIENTED_EDGE('',*,*,#2110,.F.);
#1526=ORIENTED_EDGE('',*,*,#2136,.T.);
#1527=ORIENTED_EDGE('',*,*,#2073,.F.);
#1528=ORIENTED_EDGE('',*,*,#2135,.T.);
#1529=ORIENTED_EDGE('',*,*,#2085,.F.);
#1530=ORIENTED_EDGE('',*,*,#2137,.F.);
#1531=ORIENTED_EDGE('',*,*,#2120,.F.);
#1532=ORIENTED_EDGE('',*,*,#2136,.F.);
#1533=ORIENTED_EDGE('',*,*,#2121,.F.);
#1534=ORIENTED_EDGE('',*,*,#2138,.T.);
#1535=ORIENTED_EDGE('',*,*,#2074,.F.);
#1536=ORIENTED_EDGE('',*,*,#2137,.T.);
#1537=ORIENTED_EDGE('',*,*,#2084,.F.);
#1538=ORIENTED_EDGE('',*,*,#2139,.T.);
#1539=ORIENTED_EDGE('',*,*,#2104,.F.);
#1540=ORIENTED_EDGE('',*,*,#2138,.F.);
#1541=ORIENTED_EDGE('',*,*,#2051,.F.);
#1542=ORIENTED_EDGE('',*,*,#2140,.F.);
#1543=ORIENTED_EDGE('',*,*,#2075,.F.);
#1544=ORIENTED_EDGE('',*,*,#2139,.F.);
#1545=ORIENTED_EDGE('',*,*,#2083,.F.);
#1546=ORIENTED_EDGE('',*,*,#2141,.F.);
#1547=ORIENTED_EDGE('',*,*,#2124,.F.);
#1548=ORIENTED_EDGE('',*,*,#2140,.T.);
#1549=ORIENTED_EDGE('',*,*,#2094,.F.);
#1550=ORIENTED_EDGE('',*,*,#2142,.F.);
#1551=ORIENTED_EDGE('',*,*,#2076,.F.);
#1552=ORIENTED_EDGE('',*,*,#2141,.T.);
#1553=ORIENTED_EDGE('',*,*,#2082,.F.);
#1554=ORIENTED_EDGE('',*,*,#2143,.F.);
#1555=ORIENTED_EDGE('',*,*,#2107,.F.);
#1556=ORIENTED_EDGE('',*,*,#2142,.T.);
#1557=ORIENTED_EDGE('',*,*,#2039,.F.);
#1558=ORIENTED_EDGE('',*,*,#2144,.F.);
#1559=ORIENTED_EDGE('',*,*,#2077,.F.);
#1560=ORIENTED_EDGE('',*,*,#2143,.T.);
#1561=ORIENTED_EDGE('',*,*,#2081,.F.);
#1562=ORIENTED_EDGE('',*,*,#2145,.F.);
#1563=ORIENTED_EDGE('',*,*,#2125,.F.);
#1564=ORIENTED_EDGE('',*,*,#2144,.T.);
#1565=ORIENTED_EDGE('',*,*,#2099,.F.);
#1566=ORIENTED_EDGE('',*,*,#2146,.T.);
#1567=ORIENTED_EDGE('',*,*,#2078,.F.);
#1568=ORIENTED_EDGE('',*,*,#2145,.T.);
#1569=ORIENTED_EDGE('',*,*,#2080,.F.);
#1570=ORIENTED_EDGE('',*,*,#2147,.F.);
#1571=ORIENTED_EDGE('',*,*,#2101,.F.);
#1572=ORIENTED_EDGE('',*,*,#2146,.F.);
#1573=ORIENTED_EDGE('',*,*,#2119,.F.);
#1574=ORIENTED_EDGE('',*,*,#2147,.T.);
#1575=ORIENTED_EDGE('',*,*,#2079,.F.);
#1576=VERTEX_POINT('',#3590);
#1577=VERTEX_POINT('',#3591);
#1578=VERTEX_POINT('',#3593);
#1579=VERTEX_POINT('',#3595);
#1580=VERTEX_POINT('',#3597);
#1581=VERTEX_POINT('',#3599);
#1582=VERTEX_POINT('',#3603);
#1583=VERTEX_POINT('',#3605);
#1584=VERTEX_POINT('',#3609);
#1585=VERTEX_POINT('',#3611);
#1586=VERTEX_POINT('',#3613);
#1587=VERTEX_POINT('',#3615);
#1588=VERTEX_POINT('',#3619);
#1589=VERTEX_POINT('',#3620);
#1590=VERTEX_POINT('',#3622);
#1591=VERTEX_POINT('',#3624);
#1592=VERTEX_POINT('',#3626);
#1593=VERTEX_POINT('',#3628);
#1594=VERTEX_POINT('',#3632);
#1595=VERTEX_POINT('',#3634);
#1596=VERTEX_POINT('',#3638);
#1597=VERTEX_POINT('',#3640);
#1598=VERTEX_POINT('',#3642);
#1599=VERTEX_POINT('',#3644);
#1600=VERTEX_POINT('',#3649);
#1601=VERTEX_POINT('',#3651);
#1602=VERTEX_POINT('',#3655);
#1603=VERTEX_POINT('',#3657);
#1604=VERTEX_POINT('',#3660);
#1605=VERTEX_POINT('',#3661);
#1606=VERTEX_POINT('',#3663);
#1607=VERTEX_POINT('',#3665);
#1608=VERTEX_POINT('',#3673);
#1609=VERTEX_POINT('',#3675);
#1610=VERTEX_POINT('',#3679);
#1611=VERTEX_POINT('',#3683);
#1612=VERTEX_POINT('',#3689);
#1613=VERTEX_POINT('',#3691);
#1614=VERTEX_POINT('',#3693);
#1615=VERTEX_POINT('',#3695);
#1616=VERTEX_POINT('',#3697);
#1617=VERTEX_POINT('',#3699);
#1618=VERTEX_POINT('',#3708);
#1619=VERTEX_POINT('',#3710);
#1620=VERTEX_POINT('',#3712);
#1621=VERTEX_POINT('',#3714);
#1622=VERTEX_POINT('',#3716);
#1623=VERTEX_POINT('',#3718);
#1624=VERTEX_POINT('',#3727);
#1625=VERTEX_POINT('',#3729);
#1626=VERTEX_POINT('',#3733);
#1627=VERTEX_POINT('',#3735);
#1628=VERTEX_POINT('',#3740);
#1629=VERTEX_POINT('',#3744);
#1630=VERTEX_POINT('',#3750);
#1631=VERTEX_POINT('',#3754);
#1632=VERTEX_POINT('',#3760);
#1633=VERTEX_POINT('',#3762);
#1634=VERTEX_POINT('',#3764);
#1635=VERTEX_POINT('',#3766);
#1636=VERTEX_POINT('',#3769);
#1637=VERTEX_POINT('',#3772);
#1638=VERTEX_POINT('',#3775);
#1639=VERTEX_POINT('',#3778);
#1640=VERTEX_POINT('',#3781);
#1641=VERTEX_POINT('',#3784);
#1642=VERTEX_POINT('',#3787);
#1643=VERTEX_POINT('',#3790);
#1644=VERTEX_POINT('',#3801);
#1645=VERTEX_POINT('',#3812);
#1646=VERTEX_POINT('',#3823);
#1647=VERTEX_POINT('',#3834);
#1648=VERTEX_POINT('',#3837);
#1649=VERTEX_POINT('',#3947);
#1650=VERTEX_POINT('',#4057);
#1651=VERTEX_POINT('',#4167);
#1652=VERTEX_POINT('',#4281);
#1653=VERTEX_POINT('',#4282);
#1654=VERTEX_POINT('',#4284);
#1655=VERTEX_POINT('',#4286);
#1656=VERTEX_POINT('',#4290);
#1657=VERTEX_POINT('',#4291);
#1658=VERTEX_POINT('',#4293);
#1659=VERTEX_POINT('',#4295);
#1660=VERTEX_POINT('',#4297);
#1661=VERTEX_POINT('',#4300);
#1662=VERTEX_POINT('',#4302);
#1663=VERTEX_POINT('',#4304);
#1664=VERTEX_POINT('',#4306);
#1665=VERTEX_POINT('',#4310);
#1666=VERTEX_POINT('',#4311);
#1667=VERTEX_POINT('',#4313);
#1668=VERTEX_POINT('',#4315);
#1669=VERTEX_POINT('',#4317);
#1670=VERTEX_POINT('',#4319);
#1671=VERTEX_POINT('',#4322);
#1672=VERTEX_POINT('',#4324);
#1673=VERTEX_POINT('',#4326);
#1674=VERTEX_POINT('',#4342);
#1675=VERTEX_POINT('',#4344);
#1676=VERTEX_POINT('',#4353);
#1677=VERTEX_POINT('',#4355);
#1678=VERTEX_POINT('',#4362);
#1679=VERTEX_POINT('',#4364);
#1680=VERTEX_POINT('',#4368);
#1681=VERTEX_POINT('',#4370);
#1682=VERTEX_POINT('',#4379);
#1683=VERTEX_POINT('',#4380);
#1684=VERTEX_POINT('',#4382);
#1685=VERTEX_POINT('',#4384);
#1686=VERTEX_POINT('',#4386);
#1687=VERTEX_POINT('',#4388);
#1688=VERTEX_POINT('',#4390);
#1689=VERTEX_POINT('',#4392);
#1690=VERTEX_POINT('',#4395);
#1691=VERTEX_POINT('',#4397);
#1692=VERTEX_POINT('',#4399);
#1693=VERTEX_POINT('',#4401);
#1694=VERTEX_POINT('',#4403);
#1695=VERTEX_POINT('',#4406);
#1696=VERTEX_POINT('',#4407);
#1697=VERTEX_POINT('',#4409);
#1698=VERTEX_POINT('',#4411);
#1699=VERTEX_POINT('',#4413);
#1700=VERTEX_POINT('',#4415);
#1701=VERTEX_POINT('',#4417);
#1702=VERTEX_POINT('',#4419);
#1703=VERTEX_POINT('',#4422);
#1704=VERTEX_POINT('',#4424);
#1705=VERTEX_POINT('',#4426);
#1706=VERTEX_POINT('',#4428);
#1707=VERTEX_POINT('',#4430);
#1708=VERTEX_POINT('',#4454);
#1709=VERTEX_POINT('',#4455);
#1710=VERTEX_POINT('',#4457);
#1711=VERTEX_POINT('',#4459);
#1712=VERTEX_POINT('',#4463);
#1713=VERTEX_POINT('',#4464);
#1714=VERTEX_POINT('',#4466);
#1715=VERTEX_POINT('',#4468);
#1716=VERTEX_POINT('',#4470);
#1717=VERTEX_POINT('',#4473);
#1718=VERTEX_POINT('',#4475);
#1719=VERTEX_POINT('',#4477);
#1720=VERTEX_POINT('',#4479);
#1721=VERTEX_POINT('',#4483);
#1722=VERTEX_POINT('',#4484);
#1723=VERTEX_POINT('',#4486);
#1724=VERTEX_POINT('',#4488);
#1725=VERTEX_POINT('',#4491);
#1726=VERTEX_POINT('',#4493);
#1727=VERTEX_POINT('',#4495);
#1728=VERTEX_POINT('',#4497);
#1729=VERTEX_POINT('',#4499);
#1730=VERTEX_POINT('',#4515);
#1731=VERTEX_POINT('',#4516);
#1732=VERTEX_POINT('',#4526);
#1733=VERTEX_POINT('',#4528);
#1734=VERTEX_POINT('',#4535);
#1735=VERTEX_POINT('',#4536);
#1736=VERTEX_POINT('',#4541);
#1737=VERTEX_POINT('',#4543);
#1738=VERTEX_POINT('',#4552);
#1739=VERTEX_POINT('',#4554);
#1740=VERTEX_POINT('',#4557);
#1741=VERTEX_POINT('',#4562);
#1742=VERTEX_POINT('',#4563);
#1743=VERTEX_POINT('',#4565);
#1744=VERTEX_POINT('',#4567);
#1745=VERTEX_POINT('',#4571);
#1746=VERTEX_POINT('',#4572);
#1747=VERTEX_POINT('',#4574);
#1748=VERTEX_POINT('',#4576);
#1749=VERTEX_POINT('',#4580);
#1750=VERTEX_POINT('',#4581);
#1751=VERTEX_POINT('',#4583);
#1752=VERTEX_POINT('',#4585);
#1753=VERTEX_POINT('',#4589);
#1754=VERTEX_POINT('',#4590);
#1755=VERTEX_POINT('',#4592);
#1756=VERTEX_POINT('',#4594);
#1757=VERTEX_POINT('',#4598);
#1758=VERTEX_POINT('',#4599);
#1759=VERTEX_POINT('',#4601);
#1760=VERTEX_POINT('',#4603);
#1761=VERTEX_POINT('',#4605);
#1762=VERTEX_POINT('',#4609);
#1763=VERTEX_POINT('',#4611);
#1764=VERTEX_POINT('',#4613);
#1765=VERTEX_POINT('',#4615);
#1766=VERTEX_POINT('',#4617);
#1767=VERTEX_POINT('',#4619);
#1768=VERTEX_POINT('',#4621);
#1769=VERTEX_POINT('',#4625);
#1770=VERTEX_POINT('',#4627);
#1771=VERTEX_POINT('',#4631);
#1772=VERTEX_POINT('',#4632);
#1773=VERTEX_POINT('',#4634);
#1774=VERTEX_POINT('',#4636);
#1775=VERTEX_POINT('',#4638);
#1776=VERTEX_POINT('',#4640);
#1777=VERTEX_POINT('',#4642);
#1778=VERTEX_POINT('',#4644);
#1779=VERTEX_POINT('',#4646);
#1780=VERTEX_POINT('',#4648);
#1781=VERTEX_POINT('',#4650);
#1782=VERTEX_POINT('',#4652);
#1783=VERTEX_POINT('',#4654);
#1784=VERTEX_POINT('',#4656);
#1785=VERTEX_POINT('',#4658);
#1786=VERTEX_POINT('',#4660);
#1787=VERTEX_POINT('',#4662);
#1788=VERTEX_POINT('',#4664);
#1789=VERTEX_POINT('',#4666);
#1790=VERTEX_POINT('',#4668);
#1791=VERTEX_POINT('',#4670);
#1792=VERTEX_POINT('',#4672);
#1793=VERTEX_POINT('',#4678);
#1794=VERTEX_POINT('',#4684);
#1795=VERTEX_POINT('',#4688);
#1796=VERTEX_POINT('',#4690);
#1797=VERTEX_POINT('',#4694);
#1798=VERTEX_POINT('',#4696);
#1799=VERTEX_POINT('',#4700);
#1800=VERTEX_POINT('',#4702);
#1801=VERTEX_POINT('',#4706);
#1802=VERTEX_POINT('',#4708);
#1803=VERTEX_POINT('',#4712);
#1804=VERTEX_POINT('',#4714);
#1805=VERTEX_POINT('',#4718);
#1806=VERTEX_POINT('',#4720);
#1807=EDGE_CURVE('',#1576,#1577,#2148,.T.);
#1808=EDGE_CURVE('',#1578,#1576,#2149,.T.);
#1809=EDGE_CURVE('',#1579,#1578,#2150,.T.);
#1810=EDGE_CURVE('',#1580,#1579,#2151,.T.);
#1811=EDGE_CURVE('',#1581,#1580,#2152,.T.);
#1812=EDGE_CURVE('',#1581,#1577,#2153,.T.);
#1813=EDGE_CURVE('',#1577,#1582,#2154,.T.);
#1814=EDGE_CURVE('',#1583,#1581,#2155,.T.);
#1815=EDGE_CURVE('',#1583,#1582,#2156,.T.);
#1816=EDGE_CURVE('',#1582,#1584,#2157,.T.);
#1817=EDGE_CURVE('',#1585,#1583,#2158,.T.);
#1818=EDGE_CURVE('',#1585,#1586,#2159,.T.);
#1819=EDGE_CURVE('',#1587,#1586,#2160,.T.);
#1820=EDGE_CURVE('',#1587,#1584,#2161,.T.);
#1821=EDGE_CURVE('',#1588,#1589,#2162,.T.);
#1822=EDGE_CURVE('',#1590,#1588,#2163,.T.);
#1823=EDGE_CURVE('',#1591,#1590,#2164,.T.);
#1824=EDGE_CURVE('',#1592,#1591,#2165,.T.);
#1825=EDGE_CURVE('',#1593,#1592,#2166,.T.);
#1826=EDGE_CURVE('',#1593,#1589,#2167,.T.);
#1827=EDGE_CURVE('',#1589,#1594,#2168,.T.);
#1828=EDGE_CURVE('',#1595,#1593,#2169,.T.);
#1829=EDGE_CURVE('',#1595,#1594,#2170,.T.);
#1830=EDGE_CURVE('',#1594,#1596,#2171,.T.);
#1831=EDGE_CURVE('',#1597,#1595,#2172,.T.);
#1832=EDGE_CURVE('',#1597,#1598,#2173,.T.);
#1833=EDGE_CURVE('',#1599,#1598,#2174,.T.);
#1834=EDGE_CURVE('',#1599,#1596,#2175,.T.);
#1835=EDGE_CURVE('',#1586,#1579,#2176,.T.);
#1836=EDGE_CURVE('',#1578,#1600,#2177,.T.);
#1837=EDGE_CURVE('',#1601,#1600,#2178,.T.);
#1838=EDGE_CURVE('',#1601,#1599,#2179,.T.);
#1839=EDGE_CURVE('',#1598,#1591,#2180,.T.);
#1840=EDGE_CURVE('',#1590,#1602,#2181,.T.);
#1841=EDGE_CURVE('',#1603,#1602,#2182,.T.);
#1842=EDGE_CURVE('',#1603,#1587,#2183,.T.);
#1843=EDGE_CURVE('',#1604,#1605,#2184,.T.);
#1844=EDGE_CURVE('',#1605,#1606,#2185,.T.);
#1845=EDGE_CURVE('',#1606,#1607,#2186,.T.);
#1846=EDGE_CURVE('',#1607,#1604,#2187,.T.);
#1847=EDGE_CURVE('',#1592,#1597,#2188,.T.);
#1848=EDGE_CURVE('',#1580,#1585,#2189,.T.);
#1849=EDGE_CURVE('',#1608,#1605,#2190,.T.);
#1850=EDGE_CURVE('',#1609,#1608,#2191,.T.);
#1851=EDGE_CURVE('',#1609,#1606,#2192,.T.);
#1852=EDGE_CURVE('',#1610,#1609,#2193,.T.);
#1853=EDGE_CURVE('',#1610,#1607,#2194,.T.);
#1854=EDGE_CURVE('',#1611,#1610,#2195,.T.);
#1855=EDGE_CURVE('',#1611,#1604,#2196,.T.);
#1856=EDGE_CURVE('',#1608,#1611,#2197,.T.);
#1857=EDGE_CURVE('',#1612,#1576,#2198,.T.);
#1858=EDGE_CURVE('',#1584,#1613,#2199,.T.);
#1859=EDGE_CURVE('',#1614,#1613,#2200,.T.);
#1860=EDGE_CURVE('',#1615,#1614,#180,.T.);
#1861=EDGE_CURVE('',#1616,#1615,#2201,.T.);
#1862=EDGE_CURVE('',#1617,#1616,#181,.T.);
#1863=EDGE_CURVE('',#1612,#1617,#2202,.T.);
#1864=EDGE_CURVE('',#1600,#1612,#2203,.T.);
#1865=EDGE_CURVE('',#1613,#1603,#2204,.T.);
#1866=EDGE_CURVE('',#1596,#1618,#2205,.T.);
#1867=EDGE_CURVE('',#1619,#1618,#2206,.T.);
#1868=EDGE_CURVE('',#1620,#1619,#182,.T.);
#1869=EDGE_CURVE('',#1621,#1620,#2207,.T.);
#1870=EDGE_CURVE('',#1622,#1621,#183,.T.);
#1871=EDGE_CURVE('',#1623,#1622,#2208,.T.);
#1872=EDGE_CURVE('',#1623,#1588,#2209,.T.);
#1873=EDGE_CURVE('',#1602,#1623,#2210,.T.);
#1874=EDGE_CURVE('',#1618,#1601,#2211,.T.);
#1875=EDGE_CURVE('',#1617,#1624,#2212,.T.);
#1876=EDGE_CURVE('',#1625,#1624,#2213,.T.);
#1877=EDGE_CURVE('',#1619,#1625,#2214,.T.);
#1878=EDGE_CURVE('',#1622,#1626,#2215,.T.);
#1879=EDGE_CURVE('',#1627,#1626,#2216,.T.);
#1880=EDGE_CURVE('',#1614,#1627,#2217,.T.);
#1881=EDGE_CURVE('',#1628,#1627,#184,.T.);
#1882=EDGE_CURVE('',#1615,#1628,#2218,.T.);
#1883=EDGE_CURVE('',#1629,#1628,#2219,.T.);
#1884=EDGE_CURVE('',#1616,#1629,#2220,.T.);
#1885=EDGE_CURVE('',#1624,#1629,#185,.T.);
#1886=EDGE_CURVE('',#1630,#1625,#186,.T.);
#1887=EDGE_CURVE('',#1620,#1630,#2221,.T.);
#1888=EDGE_CURVE('',#1631,#1630,#2222,.T.);
#1889=EDGE_CURVE('',#1621,#1631,#2223,.T.);
#1890=EDGE_CURVE('',#1626,#1631,#187,.T.);
#1891=EDGE_CURVE('',#1632,#1632,#188,.T.);
#1892=EDGE_CURVE('',#1633,#1633,#189,.T.);
#1893=EDGE_CURVE('',#1634,#1634,#190,.T.);
#1894=EDGE_CURVE('',#1635,#1635,#191,.T.);
#1895=EDGE_CURVE('',#1636,#1636,#192,.T.);
#1896=EDGE_CURVE('',#1637,#1637,#193,.T.);
#1897=EDGE_CURVE('',#1638,#1638,#194,.T.);
#1898=EDGE_CURVE('',#1639,#1639,#195,.T.);
#1899=EDGE_CURVE('',#1640,#1640,#196,.T.);
#1900=EDGE_CURVE('',#1641,#1641,#197,.T.);
#1901=EDGE_CURVE('',#1642,#1642,#198,.T.);
#1902=EDGE_CURVE('',#1643,#1643,#199,.T.);
#1903=EDGE_CURVE('',#1644,#1644,#135,.T.);
#1904=EDGE_CURVE('',#1645,#1645,#136,.T.);
#1905=EDGE_CURVE('',#1646,#1646,#137,.T.);
#1906=EDGE_CURVE('',#1647,#1647,#138,.T.);
#1907=EDGE_CURVE('',#1648,#1648,#200,.T.);
#1908=EDGE_CURVE('',#1649,#1649,#201,.T.);
#1909=EDGE_CURVE('',#1650,#1650,#202,.T.);
#1910=EDGE_CURVE('',#1651,#1651,#203,.T.);
#1911=EDGE_CURVE('',#1652,#1653,#2224,.T.);
#1912=EDGE_CURVE('',#1653,#1654,#204,.T.);
#1913=EDGE_CURVE('',#1655,#1654,#2225,.T.);
#1914=EDGE_CURVE('',#1652,#1655,#205,.T.);
#1915=EDGE_CURVE('',#1656,#1657,#2226,.T.);
#1916=EDGE_CURVE('',#1658,#1656,#2227,.T.);
#1917=EDGE_CURVE('',#1659,#1658,#206,.T.);
#1918=EDGE_CURVE('',#1660,#1659,#2228,.T.);
#1919=EDGE_CURVE('',#1654,#1660,#2229,.T.);
#1920=EDGE_CURVE('',#1653,#1661,#2230,.T.);
#1921=EDGE_CURVE('',#1661,#1662,#207,.T.);
#1922=EDGE_CURVE('',#1662,#1663,#2231,.T.);
#1923=EDGE_CURVE('',#1663,#1664,#2232,.T.);
#1924=EDGE_CURVE('',#1664,#1657,#208,.T.);
#1925=EDGE_CURVE('',#1665,#1666,#2233,.T.);
#1926=EDGE_CURVE('',#1667,#1665,#209,.T.);
#1927=EDGE_CURVE('',#1668,#1667,#2234,.T.);
#1928=EDGE_CURVE('',#1669,#1668,#2235,.T.);
#1929=EDGE_CURVE('',#1670,#1669,#210,.T.);
#1930=EDGE_CURVE('',#1670,#1652,#2236,.T.);
#1931=EDGE_CURVE('',#1655,#1671,#2237,.T.);
#1932=EDGE_CURVE('',#1671,#1672,#2238,.T.);
#1933=EDGE_CURVE('',#1672,#1673,#211,.T.);
#1934=EDGE_CURVE('',#1673,#1666,#2239,.T.);
#1935=EDGE_CURVE('',#1671,#1660,#2240,.T.);
#1936=EDGE_CURVE('',#1661,#1670,#2241,.T.);
#1937=EDGE_CURVE('',#1662,#1669,#2242,.T.);
#1938=EDGE_CURVE('',#1672,#1659,#2243,.T.);
#1939=EDGE_CURVE('',#1663,#1668,#2244,.T.);
#1940=EDGE_CURVE('',#1673,#1658,#2245,.T.);
#1941=EDGE_CURVE('',#1666,#1674,#2246,.T.);
#1942=EDGE_CURVE('',#1675,#1656,#2247,.T.);
#1943=EDGE_CURVE('',#1674,#1675,#2248,.T.);
#1944=EDGE_CURVE('',#1664,#1667,#2249,.T.);
#1945=EDGE_CURVE('',#1676,#1665,#115,.T.);
#1946=EDGE_CURVE('',#1677,#1676,#2250,.T.);
#1947=EDGE_CURVE('',#1657,#1677,#116,.T.);
#1948=EDGE_CURVE('',#1674,#1678,#2251,.T.);
#1949=EDGE_CURVE('',#1679,#1675,#2252,.T.);
#1950=EDGE_CURVE('',#1678,#1679,#2253,.T.);
#1951=EDGE_CURVE('',#1680,#1676,#2254,.T.);
#1952=EDGE_CURVE('',#1681,#1680,#2255,.T.);
#1953=EDGE_CURVE('',#1677,#1681,#2256,.T.);
#1954=EDGE_CURVE('',#1680,#1678,#2257,.T.);
#1955=EDGE_CURVE('',#1679,#1681,#2258,.T.);
#1956=EDGE_CURVE('',#1682,#1683,#2259,.T.);
#1957=EDGE_CURVE('',#1684,#1682,#212,.T.);
#1958=EDGE_CURVE('',#1685,#1684,#2260,.T.);
#1959=EDGE_CURVE('',#1686,#1685,#213,.T.);
#1960=EDGE_CURVE('',#1687,#1686,#2261,.T.);
#1961=EDGE_CURVE('',#1688,#1687,#214,.T.);
#1962=EDGE_CURVE('',#1689,#1688,#2262,.T.);
#1963=EDGE_CURVE('',#1683,#1689,#215,.T.);
#1964=EDGE_CURVE('',#1690,#1690,#216,.T.);
#1965=EDGE_CURVE('',#1691,#1691,#217,.T.);
#1966=EDGE_CURVE('',#1692,#1692,#218,.T.);
#1967=EDGE_CURVE('',#1693,#1693,#219,.T.);
#1968=EDGE_CURVE('',#1694,#1694,#220,.T.);
#1969=EDGE_CURVE('',#1695,#1696,#221,.T.);
#1970=EDGE_CURVE('',#1696,#1697,#2263,.T.);
#1971=EDGE_CURVE('',#1697,#1698,#222,.T.);
#1972=EDGE_CURVE('',#1698,#1699,#2264,.T.);
#1973=EDGE_CURVE('',#1699,#1700,#223,.T.);
#1974=EDGE_CURVE('',#1700,#1701,#2265,.T.);
#1975=EDGE_CURVE('',#1701,#1702,#224,.T.);
#1976=EDGE_CURVE('',#1702,#1695,#2266,.T.);
#1977=EDGE_CURVE('',#1703,#1703,#225,.T.);
#1978=EDGE_CURVE('',#1704,#1704,#226,.T.);
#1979=EDGE_CURVE('',#1705,#1705,#227,.T.);
#1980=EDGE_CURVE('',#1706,#1706,#228,.T.);
#1981=EDGE_CURVE('',#1707,#1707,#229,.T.);
#1982=EDGE_CURVE('',#1683,#1695,#2267,.T.);
#1983=EDGE_CURVE('',#1682,#1702,#2268,.T.);
#1984=EDGE_CURVE('',#1684,#1701,#2269,.T.);
#1985=EDGE_CURVE('',#1685,#1700,#2270,.T.);
#1986=EDGE_CURVE('',#1686,#1699,#2271,.T.);
#1987=EDGE_CURVE('',#1687,#1698,#2272,.T.);
#1988=EDGE_CURVE('',#1688,#1697,#2273,.T.);
#1989=EDGE_CURVE('',#1689,#1696,#2274,.T.);
#1990=EDGE_CURVE('',#1708,#1709,#230,.T.);
#1991=EDGE_CURVE('',#1709,#1710,#2275,.T.);
#1992=EDGE_CURVE('',#1711,#1710,#231,.T.);
#1993=EDGE_CURVE('',#1708,#1711,#2276,.T.);
#1994=EDGE_CURVE('',#1712,#1713,#232,.T.);
#1995=EDGE_CURVE('',#1714,#1712,#2277,.T.);
#1996=EDGE_CURVE('',#1715,#1714,#2278,.T.);
#1997=EDGE_CURVE('',#1716,#1715,#233,.T.);
#1998=EDGE_CURVE('',#1711,#1716,#2279,.T.);
#1999=EDGE_CURVE('',#1710,#1717,#2280,.T.);
#2000=EDGE_CURVE('',#1717,#1718,#2281,.T.);
#2001=EDGE_CURVE('',#1718,#1719,#234,.T.);
#2002=EDGE_CURVE('',#1719,#1720,#2282,.T.);
#2003=EDGE_CURVE('',#1720,#1713,#2283,.T.);
#2004=EDGE_CURVE('',#1721,#1722,#2284,.T.);
#2005=EDGE_CURVE('',#1723,#1721,#235,.T.);
#2006=EDGE_CURVE('',#1724,#1723,#2285,.T.);
#2007=EDGE_CURVE('',#1709,#1724,#2286,.T.);
#2008=EDGE_CURVE('',#1725,#1708,#2287,.T.);
#2009=EDGE_CURVE('',#1725,#1726,#236,.T.);
#2010=EDGE_CURVE('',#1726,#1727,#2288,.T.);
#2011=EDGE_CURVE('',#1727,#1728,#2289,.T.);
#2012=EDGE_CURVE('',#1728,#1729,#237,.T.);
#2013=EDGE_CURVE('',#1729,#1722,#2290,.T.);
#2014=EDGE_CURVE('',#1724,#1717,#2291,.T.);
#2015=EDGE_CURVE('',#1716,#1725,#2292,.T.);
#2016=EDGE_CURVE('',#1715,#1726,#2293,.T.);
#2017=EDGE_CURVE('',#1723,#1718,#2294,.T.);
#2018=EDGE_CURVE('',#1714,#1727,#2295,.T.);
#2019=EDGE_CURVE('',#1721,#1719,#2296,.T.);
#2020=EDGE_CURVE('',#1730,#1731,#2297,.T.);
#2021=EDGE_CURVE('',#1731,#1720,#2298,.T.);
#2022=EDGE_CURVE('',#1722,#1730,#2299,.T.);
#2023=EDGE_CURVE('',#1712,#1728,#2300,.T.);
#2024=EDGE_CURVE('',#1713,#1732,#117,.T.);
#2025=EDGE_CURVE('',#1732,#1733,#2301,.T.);
#2026=EDGE_CURVE('',#1733,#1729,#118,.T.);
#2027=EDGE_CURVE('',#1734,#1735,#2302,.T.);
#2028=EDGE_CURVE('',#1735,#1731,#2303,.T.);
#2029=EDGE_CURVE('',#1730,#1734,#2304,.T.);
#2030=EDGE_CURVE('',#1732,#1736,#2305,.T.);
#2031=EDGE_CURVE('',#1736,#1737,#2306,.T.);
#2032=EDGE_CURVE('',#1737,#1733,#2307,.T.);
#2033=EDGE_CURVE('',#1735,#1736,#2308,.T.);
#2034=EDGE_CURVE('',#1737,#1734,#2309,.T.);
#2035=EDGE_CURVE('',#1738,#1738,#238,.T.);
#2036=EDGE_CURVE('',#1739,#1739,#239,.T.);
#2037=EDGE_CURVE('',#1740,#1740,#240,.T.);
#2038=EDGE_CURVE('',#1741,#1742,#2310,.T.);
#2039=EDGE_CURVE('',#1742,#1743,#2311,.T.);
#2040=EDGE_CURVE('',#1743,#1744,#2312,.T.);
#2041=EDGE_CURVE('',#1744,#1741,#2313,.T.);
#2042=EDGE_CURVE('',#1745,#1746,#2314,.T.);
#2043=EDGE_CURVE('',#1746,#1747,#2315,.T.);
#2044=EDGE_CURVE('',#1747,#1748,#2316,.T.);
#2045=EDGE_CURVE('',#1748,#1745,#2317,.T.);
#2046=EDGE_CURVE('',#1749,#1750,#2318,.T.);
#2047=EDGE_CURVE('',#1750,#1751,#2319,.T.);
#2048=EDGE_CURVE('',#1751,#1752,#2320,.T.);
#2049=EDGE_CURVE('',#1752,#1749,#2321,.T.);
#2050=EDGE_CURVE('',#1753,#1754,#2322,.T.);
#2051=EDGE_CURVE('',#1754,#1755,#2323,.T.);
#2052=EDGE_CURVE('',#1755,#1756,#2324,.T.);
#2053=EDGE_CURVE('',#1756,#1753,#2325,.T.);
#2054=EDGE_CURVE('',#1757,#1758,#2326,.T.);
#2055=EDGE_CURVE('',#1758,#1759,#241,.T.);
#2056=EDGE_CURVE('',#1759,#1760,#2327,.T.);
#2057=EDGE_CURVE('',#1760,#1761,#242,.T.);
#2058=EDGE_CURVE('',#1761,#1749,#243,.T.);
#2059=EDGE_CURVE('',#1752,#1745,#244,.T.);
#2060=EDGE_CURVE('',#1748,#1762,#245,.T.);
#2061=EDGE_CURVE('',#1762,#1763,#2328,.T.);
#2062=EDGE_CURVE('',#1763,#1764,#246,.T.);
#2063=EDGE_CURVE('',#1764,#1765,#2329,.T.);
#2064=EDGE_CURVE('',#1765,#1766,#247,.T.);
#2065=EDGE_CURVE('',#1767,#1766,#2330,.T.);
#2066=EDGE_CURVE('',#1767,#1768,#248,.T.);
#2067=EDGE_CURVE('',#1768,#1741,#249,.T.);
#2068=EDGE_CURVE('',#1744,#1753,#250,.T.);
#2069=EDGE_CURVE('',#1756,#1769,#251,.T.);
#2070=EDGE_CURVE('',#1770,#1769,#2331,.T.);
#2071=EDGE_CURVE('',#1770,#1757,#252,.T.);
#2072=EDGE_CURVE('',#1771,#1772,#253,.T.);
#2073=EDGE_CURVE('',#1772,#1773,#2332,.T.);
#2074=EDGE_CURVE('',#1773,#1774,#254,.T.);
#2075=EDGE_CURVE('',#1774,#1775,#2333,.T.);
#2076=EDGE_CURVE('',#1775,#1776,#255,.T.);
#2077=EDGE_CURVE('',#1776,#1777,#2334,.T.);
#2078=EDGE_CURVE('',#1777,#1778,#256,.T.);
#2079=EDGE_CURVE('',#1778,#1779,#257,.T.);
#2080=EDGE_CURVE('',#1779,#1780,#2335,.T.);
#2081=EDGE_CURVE('',#1780,#1781,#258,.T.);
#2082=EDGE_CURVE('',#1781,#1782,#2336,.T.);
#2083=EDGE_CURVE('',#1782,#1783,#259,.T.);
#2084=EDGE_CURVE('',#1783,#1784,#2337,.T.);
#2085=EDGE_CURVE('',#1784,#1785,#260,.T.);
#2086=EDGE_CURVE('',#1785,#1786,#2338,.T.);
#2087=EDGE_CURVE('',#1786,#1787,#261,.T.);
#2088=EDGE_CURVE('',#1787,#1788,#2339,.T.);
#2089=EDGE_CURVE('',#1788,#1789,#262,.T.);
#2090=EDGE_CURVE('',#1789,#1790,#263,.T.);
#2091=EDGE_CURVE('',#1790,#1791,#2340,.T.);
#2092=EDGE_CURVE('',#1791,#1792,#264,.T.);
#2093=EDGE_CURVE('',#1792,#1771,#2341,.T.);
#2094=EDGE_CURVE('',#1743,#1754,#265,.T.);
#2095=EDGE_CURVE('',#1761,#1793,#2342,.T.);
#2096=EDGE_CURVE('',#1793,#1750,#266,.T.);
#2097=EDGE_CURVE('',#1751,#1746,#267,.T.);
#2098=EDGE_CURVE('',#1768,#1794,#2343,.T.);
#2099=EDGE_CURVE('',#1794,#1742,#268,.T.);
#2100=EDGE_CURVE('',#1766,#1795,#2344,.T.);
#2101=EDGE_CURVE('',#1795,#1796,#2345,.T.);
#2102=EDGE_CURVE('',#1796,#1767,#2346,.T.);
#2103=EDGE_CURVE('',#1762,#1797,#2347,.T.);
#2104=EDGE_CURVE('',#1797,#1798,#2348,.T.);
#2105=EDGE_CURVE('',#1798,#1763,#2349,.T.);
#2106=EDGE_CURVE('',#1764,#1799,#2350,.T.);
#2107=EDGE_CURVE('',#1799,#1800,#2351,.T.);
#2108=EDGE_CURVE('',#1800,#1765,#2352,.T.);
#2109=EDGE_CURVE('',#1769,#1801,#2353,.T.);
#2110=EDGE_CURVE('',#1801,#1802,#2354,.T.);
#2111=EDGE_CURVE('',#1802,#1770,#2355,.T.);
#2112=EDGE_CURVE('',#1759,#1803,#2356,.T.);
#2113=EDGE_CURVE('',#1803,#1804,#2357,.T.);
#2114=EDGE_CURVE('',#1804,#1760,#2358,.T.);
#2115=EDGE_CURVE('',#1757,#1805,#2359,.T.);
#2116=EDGE_CURVE('',#1805,#1806,#2360,.T.);
#2117=EDGE_CURVE('',#1806,#1758,#2361,.T.);
#2118=EDGE_CURVE('',#1804,#1793,#269,.T.);
#2119=EDGE_CURVE('',#1796,#1794,#270,.T.);
#2120=EDGE_CURVE('',#1747,#1797,#271,.T.);
#2121=EDGE_CURVE('',#1755,#1801,#272,.T.);
#2122=EDGE_CURVE('',#1802,#1805,#273,.T.);
#2123=EDGE_CURVE('',#1806,#1803,#274,.T.);
#2124=EDGE_CURVE('',#1798,#1799,#275,.T.);
#2125=EDGE_CURVE('',#1800,#1795,#276,.T.);
#2126=EDGE_CURVE('',#1793,#1789,#2362,.T.);
#2127=EDGE_CURVE('',#1804,#1790,#2363,.T.);
#2128=EDGE_CURVE('',#1791,#1803,#2364,.T.);
#2129=EDGE_CURVE('',#1750,#1788,#2365,.T.);
#2130=EDGE_CURVE('',#1792,#1806,#2366,.T.);
#2131=EDGE_CURVE('',#1751,#1787,#2367,.T.);
#2132=EDGE_CURVE('',#1771,#1805,#2368,.T.);
#2133=EDGE_CURVE('',#1746,#1786,#2369,.T.);
#2134=EDGE_CURVE('',#1802,#1772,#2370,.T.);
#2135=EDGE_CURVE('',#1747,#1785,#2371,.T.);
#2136=EDGE_CURVE('',#1801,#1773,#2372,.T.);
#2137=EDGE_CURVE('',#1797,#1784,#2373,.T.);
#2138=EDGE_CURVE('',#1755,#1774,#2374,.T.);
#2139=EDGE_CURVE('',#1783,#1798,#2375,.T.);
#2140=EDGE_CURVE('',#1775,#1754,#2376,.T.);
#2141=EDGE_CURVE('',#1799,#1782,#2377,.T.);
#2142=EDGE_CURVE('',#1776,#1743,#2378,.T.);
#2143=EDGE_CURVE('',#1800,#1781,#2379,.T.);
#2144=EDGE_CURVE('',#1777,#1742,#2380,.T.);
#2145=EDGE_CURVE('',#1795,#1780,#2381,.T.);
#2146=EDGE_CURVE('',#1794,#1778,#2382,.T.);
#2147=EDGE_CURVE('',#1796,#1779,#2383,.T.);
#2148=LINE('',#3589,#2384);
#2149=LINE('',#3592,#2385);
#2150=LINE('',#3594,#2386);
#2151=LINE('',#3596,#2387);
#2152=LINE('',#3598,#2388);
#2153=LINE('',#3600,#2389);
#2154=LINE('',#3602,#2390);
#2155=LINE('',#3604,#2391);
#2156=LINE('',#3606,#2392);
#2157=LINE('',#3608,#2393);
#2158=LINE('',#3610,#2394);
#2159=LINE('',#3612,#2395);
#2160=LINE('',#3614,#2396);
#2161=LINE('',#3616,#2397);
#2162=LINE('',#3618,#2398);
#2163=LINE('',#3621,#2399);
#2164=LINE('',#3623,#2400);
#2165=LINE('',#3625,#2401);
#2166=LINE('',#3627,#2402);
#2167=LINE('',#3629,#2403);
#2168=LINE('',#3631,#2404);
#2169=LINE('',#3633,#2405);
#2170=LINE('',#3635,#2406);
#2171=LINE('',#3637,#2407);
#2172=LINE('',#3639,#2408);
#2173=LINE('',#3641,#2409);
#2174=LINE('',#3643,#2410);
#2175=LINE('',#3645,#2411);
#2176=LINE('',#3647,#2412);
#2177=LINE('',#3648,#2413);
#2178=LINE('',#3650,#2414);
#2179=LINE('',#3652,#2415);
#2180=LINE('',#3653,#2416);
#2181=LINE('',#3654,#2417);
#2182=LINE('',#3656,#2418);
#2183=LINE('',#3658,#2419);
#2184=LINE('',#3659,#2420);
#2185=LINE('',#3662,#2421);
#2186=LINE('',#3664,#2422);
#2187=LINE('',#3666,#2423);
#2188=LINE('',#3668,#2424);
#2189=LINE('',#3670,#2425);
#2190=LINE('',#3672,#2426);
#2191=LINE('',#3674,#2427);
#2192=LINE('',#3676,#2428);
#2193=LINE('',#3678,#2429);
#2194=LINE('',#3680,#2430);
#2195=LINE('',#3682,#2431);
#2196=LINE('',#3684,#2432);
#2197=LINE('',#3686,#2433);
#2198=LINE('',#3688,#2434);
#2199=LINE('',#3690,#2435);
#2200=LINE('',#3692,#2436);
#2201=LINE('',#3696,#2437);
#2202=LINE('',#3700,#2438);
#2203=LINE('',#3702,#2439);
#2204=LINE('',#3705,#2440);
#2205=LINE('',#3707,#2441);
#2206=LINE('',#3709,#2442);
#2207=LINE('',#3713,#2443);
#2208=LINE('',#3717,#2444);
#2209=LINE('',#3719,#2445);
#2210=LINE('',#3721,#2446);
#2211=LINE('',#3724,#2447);
#2212=LINE('',#3726,#2448);
#2213=LINE('',#3728,#2449);
#2214=LINE('',#3730,#2450);
#2215=LINE('',#3732,#2451);
#2216=LINE('',#3734,#2452);
#2217=LINE('',#3736,#2453);
#2218=LINE('',#3741,#2454);
#2219=LINE('',#3743,#2455);
#2220=LINE('',#3745,#2456);
#2221=LINE('',#3751,#2457);
#2222=LINE('',#3753,#2458);
#2223=LINE('',#3755,#2459);
#2224=LINE('',#4280,#2460);
#2225=LINE('',#4285,#2461);
#2226=LINE('',#4289,#2462);
#2227=LINE('',#4292,#2463);
#2228=LINE('',#4296,#2464);
#2229=LINE('',#4298,#2465);
#2230=LINE('',#4299,#2466);
#2231=LINE('',#4303,#2467);
#2232=LINE('',#4305,#2468);
#2233=LINE('',#4309,#2469);
#2234=LINE('',#4314,#2470);
#2235=LINE('',#4316,#2471);
#2236=LINE('',#4320,#2472);
#2237=LINE('',#4321,#2473);
#2238=LINE('',#4323,#2474);
#2239=LINE('',#4327,#2475);
#2240=LINE('',#4329,#2476);
#2241=LINE('',#4331,#2477);
#2242=LINE('',#4333,#2478);
#2243=LINE('',#4335,#2479);
#2244=LINE('',#4337,#2480);
#2245=LINE('',#4339,#2481);
#2246=LINE('',#4341,#2482);
#2247=LINE('',#4343,#2483);
#2248=LINE('',#4345,#2484);
#2249=LINE('',#4347,#2485);
#2250=LINE('',#4354,#2486);
#2251=LINE('',#4361,#2487);
#2252=LINE('',#4363,#2488);
#2253=LINE('',#4365,#2489);
#2254=LINE('',#4367,#2490);
#2255=LINE('',#4369,#2491);
#2256=LINE('',#4371,#2492);
#2257=LINE('',#4373,#2493);
#2258=LINE('',#4374,#2494);
#2259=LINE('',#4378,#2495);
#2260=LINE('',#4383,#2496);
#2261=LINE('',#4387,#2497);
#2262=LINE('',#4391,#2498);
#2263=LINE('',#4408,#2499);
#2264=LINE('',#4412,#2500);
#2265=LINE('',#4416,#2501);
#2266=LINE('',#4420,#2502);
#2267=LINE('',#4437,#2503);
#2268=LINE('',#4438,#2504);
#2269=LINE('',#4440,#2505);
#2270=LINE('',#4442,#2506);
#2271=LINE('',#4444,#2507);
#2272=LINE('',#4446,#2508);
#2273=LINE('',#4448,#2509);
#2274=LINE('',#4450,#2510);
#2275=LINE('',#4456,#2511);
#2276=LINE('',#4460,#2512);
#2277=LINE('',#4465,#2513);
#2278=LINE('',#4467,#2514);
#2279=LINE('',#4471,#2515);
#2280=LINE('',#4472,#2516);
#2281=LINE('',#4474,#2517);
#2282=LINE('',#4478,#2518);
#2283=LINE('',#4480,#2519);
#2284=LINE('',#4482,#2520);
#2285=LINE('',#4487,#2521);
#2286=LINE('',#4489,#2522);
#2287=LINE('',#4490,#2523);
#2288=LINE('',#4494,#2524);
#2289=LINE('',#4496,#2525);
#2290=LINE('',#4500,#2526);
#2291=LINE('',#4502,#2527);
#2292=LINE('',#4504,#2528);
#2293=LINE('',#4506,#2529);
#2294=LINE('',#4508,#2530);
#2295=LINE('',#4510,#2531);
#2296=LINE('',#4512,#2532);
#2297=LINE('',#4514,#2533);
#2298=LINE('',#4517,#2534);
#2299=LINE('',#4518,#2535);
#2300=LINE('',#4520,#2536);
#2301=LINE('',#4527,#2537);
#2302=LINE('',#4534,#2538);
#2303=LINE('',#4537,#2539);
#2304=LINE('',#4538,#2540);
#2305=LINE('',#4540,#2541);
#2306=LINE('',#4542,#2542);
#2307=LINE('',#4544,#2543);
#2308=LINE('',#4546,#2544);
#2309=LINE('',#4547,#2545);
#2310=LINE('',#4561,#2546);
#2311=LINE('',#4564,#2547);
#2312=LINE('',#4566,#2548);
#2313=LINE('',#4568,#2549);
#2314=LINE('',#4570,#2550);
#2315=LINE('',#4573,#2551);
#2316=LINE('',#4575,#2552);
#2317=LINE('',#4577,#2553);
#2318=LINE('',#4579,#2554);
#2319=LINE('',#4582,#2555);
#2320=LINE('',#4584,#2556);
#2321=LINE('',#4586,#2557);
#2322=LINE('',#4588,#2558);
#2323=LINE('',#4591,#2559);
#2324=LINE('',#4593,#2560);
#2325=LINE('',#4595,#2561);
#2326=LINE('',#4597,#2562);
#2327=LINE('',#4602,#2563);
#2328=LINE('',#4610,#2564);
#2329=LINE('',#4614,#2565);
#2330=LINE('',#4618,#2566);
#2331=LINE('',#4626,#2567);
#2332=LINE('',#4633,#2568);
#2333=LINE('',#4637,#2569);
#2334=LINE('',#4641,#2570);
#2335=LINE('',#4647,#2571);
#2336=LINE('',#4651,#2572);
#2337=LINE('',#4655,#2573);
#2338=LINE('',#4659,#2574);
#2339=LINE('',#4663,#2575);
#2340=LINE('',#4669,#2576);
#2341=LINE('',#4673,#2577);
#2342=LINE('',#4677,#2578);
#2343=LINE('',#4683,#2579);
#2344=LINE('',#4687,#2580);
#2345=LINE('',#4689,#2581);
#2346=LINE('',#4691,#2582);
#2347=LINE('',#4693,#2583);
#2348=LINE('',#4695,#2584);
#2349=LINE('',#4697,#2585);
#2350=LINE('',#4699,#2586);
#2351=LINE('',#4701,#2587);
#2352=LINE('',#4703,#2588);
#2353=LINE('',#4705,#2589);
#2354=LINE('',#4707,#2590);
#2355=LINE('',#4709,#2591);
#2356=LINE('',#4711,#2592);
#2357=LINE('',#4713,#2593);
#2358=LINE('',#4715,#2594);
#2359=LINE('',#4717,#2595);
#2360=LINE('',#4719,#2596);
#2361=LINE('',#4721,#2597);
#2362=LINE('',#4739,#2598);
#2363=LINE('',#4740,#2599);
#2364=LINE('',#4742,#2600);
#2365=LINE('',#4744,#2601);
#2366=LINE('',#4746,#2602);
#2367=LINE('',#4748,#2603);
#2368=LINE('',#4750,#2604);
#2369=LINE('',#4752,#2605);
#2370=LINE('',#4754,#2606);
#2371=LINE('',#4756,#2607);
#2372=LINE('',#4758,#2608);
#2373=LINE('',#4760,#2609);
#2374=LINE('',#4762,#2610);
#2375=LINE('',#4764,#2611);
#2376=LINE('',#4766,#2612);
#2377=LINE('',#4768,#2613);
#2378=LINE('',#4770,#2614);
#2379=LINE('',#4772,#2615);
#2380=LINE('',#4774,#2616);
#2381=LINE('',#4776,#2617);
#2382=LINE('',#4778,#2618);
#2383=LINE('',#4780,#2619);
#2384=VECTOR('',#2866,1.);
#2385=VECTOR('',#2867,1.);
#2386=VECTOR('',#2868,1.);
#2387=VECTOR('',#2869,1.);
#2388=VECTOR('',#2870,1.);
#2389=VECTOR('',#2871,1.);
#2390=VECTOR('',#2874,1.);
#2391=VECTOR('',#2875,1.);
#2392=VECTOR('',#2876,1.);
#2393=VECTOR('',#2879,1.);
#2394=VECTOR('',#2880,1.);
#2395=VECTOR('',#2881,1.);
#2396=VECTOR('',#2882,1.);
#2397=VECTOR('',#2883,1.);
#2398=VECTOR('',#2886,1.);
#2399=VECTOR('',#2887,1.);
#2400=VECTOR('',#2888,1.);
#2401=VECTOR('',#2889,1.);
#2402=VECTOR('',#2890,1.);
#2403=VECTOR('',#2891,1.);
#2404=VECTOR('',#2894,1.);
#2405=VECTOR('',#2895,1.);
#2406=VECTOR('',#2896,1.);
#2407=VECTOR('',#2899,1.);
#2408=VECTOR('',#2900,1.);
#2409=VECTOR('',#2901,1.);
#2410=VECTOR('',#2902,1.);
#2411=VECTOR('',#2903,1.);
#2412=VECTOR('',#2906,1.);
#2413=VECTOR('',#2907,1.);
#2414=VECTOR('',#2908,1.);
#2415=VECTOR('',#2909,1.);
#2416=VECTOR('',#2910,1.);
#2417=VECTOR('',#2911,1.);
#2418=VECTOR('',#2912,1.);
#2419=VECTOR('',#2913,1.);
#2420=VECTOR('',#2914,1.);
#2421=VECTOR('',#2915,1.);
#2422=VECTOR('',#2916,1.);
#2423=VECTOR('',#2917,1.);
#2424=VECTOR('',#2920,1.);
#2425=VECTOR('',#2923,1.);
#2426=VECTOR('',#2926,1.);
#2427=VECTOR('',#2927,1.);
#2428=VECTOR('',#2928,1.);
#2429=VECTOR('',#2931,1.);
#2430=VECTOR('',#2932,1.);
#2431=VECTOR('',#2935,1.);
#2432=VECTOR('',#2936,1.);
#2433=VECTOR('',#2939,1.);
#2434=VECTOR('',#2942,1.);
#2435=VECTOR('',#2943,1.);
#2436=VECTOR('',#2944,1.);
#2437=VECTOR('',#2947,1.);
#2438=VECTOR('',#2950,1.);
#2439=VECTOR('',#2953,1.);
#2440=VECTOR('',#2958,1.);
#2441=VECTOR('',#2961,1.);
#2442=VECTOR('',#2962,1.);
#2443=VECTOR('',#2965,1.);
#2444=VECTOR('',#2968,1.);
#2445=VECTOR('',#2969,1.);
#2446=VECTOR('',#2972,1.);
#2447=VECTOR('',#2977,1.);
#2448=VECTOR('',#2980,1.);
#2449=VECTOR('',#2981,1.);
#2450=VECTOR('',#2982,1.);
#2451=VECTOR('',#2985,1.);
#2452=VECTOR('',#2986,1.);
#2453=VECTOR('',#2987,1.);
#2454=VECTOR('',#2994,1.);
#2455=VECTOR('',#2997,1.);
#2456=VECTOR('',#2998,1.);
#2457=VECTOR('',#3007,1.);
#2458=VECTOR('',#3010,1.);
#2459=VECTOR('',#3011,1.);
#2460=VECTOR('',#3084,1.);
#2461=VECTOR('',#3087,1.);
#2462=VECTOR('',#3092,1.);
#2463=VECTOR('',#3093,1.);
#2464=VECTOR('',#3096,1.);
#2465=VECTOR('',#3097,1.);
#2466=VECTOR('',#3098,1.);
#2467=VECTOR('',#3101,1.);
#2468=VECTOR('',#3102,1.);
#2469=VECTOR('',#3107,1.);
#2470=VECTOR('',#3110,1.);
#2471=VECTOR('',#3111,1.);
#2472=VECTOR('',#3114,1.);
#2473=VECTOR('',#3115,1.);
#2474=VECTOR('',#3116,1.);
#2475=VECTOR('',#3119,1.);
#2476=VECTOR('',#3122,1.);
#2477=VECTOR('',#3125,1.);
#2478=VECTOR('',#3128,1.);
#2479=VECTOR('',#3131,1.);
#2480=VECTOR('',#3134,1.);
#2481=VECTOR('',#3137,1.);
#2482=VECTOR('',#3140,1.);
#2483=VECTOR('',#3141,1.);
#2484=VECTOR('',#3142,1.);
#2485=VECTOR('',#3145,1.);
#2486=VECTOR('',#3148,1.);
#2487=VECTOR('',#3151,1.);
#2488=VECTOR('',#3152,1.);
#2489=VECTOR('',#3153,1.);
#2490=VECTOR('',#3156,1.);
#2491=VECTOR('',#3157,1.);
#2492=VECTOR('',#3158,1.);
#2493=VECTOR('',#3161,1.);
#2494=VECTOR('',#3162,1.);
#2495=VECTOR('',#3169,1.);
#2496=VECTOR('',#3172,1.);
#2497=VECTOR('',#3175,1.);
#2498=VECTOR('',#3178,1.);
#2499=VECTOR('',#3195,1.);
#2500=VECTOR('',#3198,1.);
#2501=VECTOR('',#3201,1.);
#2502=VECTOR('',#3204,1.);
#2503=VECTOR('',#3227,1.);
#2504=VECTOR('',#3228,1.);
#2505=VECTOR('',#3231,1.);
#2506=VECTOR('',#3234,1.);
#2507=VECTOR('',#3237,1.);
#2508=VECTOR('',#3240,1.);
#2509=VECTOR('',#3243,1.);
#2510=VECTOR('',#3246,1.);
#2511=VECTOR('',#3253,1.);
#2512=VECTOR('',#3256,1.);
#2513=VECTOR('',#3261,1.);
#2514=VECTOR('',#3262,1.);
#2515=VECTOR('',#3265,1.);
#2516=VECTOR('',#3266,1.);
#2517=VECTOR('',#3267,1.);
#2518=VECTOR('',#3270,1.);
#2519=VECTOR('',#3271,1.);
#2520=VECTOR('',#3274,1.);
#2521=VECTOR('',#3277,1.);
#2522=VECTOR('',#3278,1.);
#2523=VECTOR('',#3279,1.);
#2524=VECTOR('',#3282,1.);
#2525=VECTOR('',#3283,1.);
#2526=VECTOR('',#3286,1.);
#2527=VECTOR('',#3289,1.);
#2528=VECTOR('',#3292,1.);
#2529=VECTOR('',#3295,1.);
#2530=VECTOR('',#3298,1.);
#2531=VECTOR('',#3301,1.);
#2532=VECTOR('',#3304,1.);
#2533=VECTOR('',#3307,1.);
#2534=VECTOR('',#3308,1.);
#2535=VECTOR('',#3309,1.);
#2536=VECTOR('',#3312,1.);
#2537=VECTOR('',#3315,1.);
#2538=VECTOR('',#3318,1.);
#2539=VECTOR('',#3319,1.);
#2540=VECTOR('',#3320,1.);
#2541=VECTOR('',#3323,1.);
#2542=VECTOR('',#3324,1.);
#2543=VECTOR('',#3325,1.);
#2544=VECTOR('',#3328,1.);
#2545=VECTOR('',#3329,1.);
#2546=VECTOR('',#3350,1.);
#2547=VECTOR('',#3351,1.);
#2548=VECTOR('',#3352,1.);
#2549=VECTOR('',#3353,1.);
#2550=VECTOR('',#3356,1.);
#2551=VECTOR('',#3357,1.);
#2552=VECTOR('',#3358,1.);
#2553=VECTOR('',#3359,1.);
#2554=VECTOR('',#3362,1.);
#2555=VECTOR('',#3363,1.);
#2556=VECTOR('',#3364,1.);
#2557=VECTOR('',#3365,1.);
#2558=VECTOR('',#3368,1.);
#2559=VECTOR('',#3369,1.);
#2560=VECTOR('',#3370,1.);
#2561=VECTOR('',#3371,1.);
#2562=VECTOR('',#3374,1.);
#2563=VECTOR('',#3377,1.);
#2564=VECTOR('',#3386,1.);
#2565=VECTOR('',#3389,1.);
#2566=VECTOR('',#3392,1.);
#2567=VECTOR('',#3401,1.);
#2568=VECTOR('',#3408,1.);
#2569=VECTOR('',#3411,1.);
#2570=VECTOR('',#3414,1.);
#2571=VECTOR('',#3419,1.);
#2572=VECTOR('',#3422,1.);
#2573=VECTOR('',#3425,1.);
#2574=VECTOR('',#3428,1.);
#2575=VECTOR('',#3431,1.);
#2576=VECTOR('',#3436,1.);
#2577=VECTOR('',#3439,1.);
#2578=VECTOR('',#3446,1.);
#2579=VECTOR('',#3455,1.);
#2580=VECTOR('',#3460,1.);
#2581=VECTOR('',#3461,1.);
#2582=VECTOR('',#3462,1.);
#2583=VECTOR('',#3465,1.);
#2584=VECTOR('',#3466,1.);
#2585=VECTOR('',#3467,1.);
#2586=VECTOR('',#3470,1.);
#2587=VECTOR('',#3471,1.);
#2588=VECTOR('',#3472,1.);
#2589=VECTOR('',#3475,1.);
#2590=VECTOR('',#3476,1.);
#2591=VECTOR('',#3477,1.);
#2592=VECTOR('',#3480,1.);
#2593=VECTOR('',#3481,1.);
#2594=VECTOR('',#3482,1.);
#2595=VECTOR('',#3485,1.);
#2596=VECTOR('',#3486,1.);
#2597=VECTOR('',#3487,1.);
#2598=VECTOR('',#3522,1.);
#2599=VECTOR('',#3523,1.);
#2600=VECTOR('',#3526,1.);
#2601=VECTOR('',#3529,1.);
#2602=VECTOR('',#3532,1.);
#2603=VECTOR('',#3535,1.);
#2604=VECTOR('',#3538,1.);
#2605=VECTOR('',#3541,1.);
#2606=VECTOR('',#3544,1.);
#2607=VECTOR('',#3547,1.);
#2608=VECTOR('',#3550,1.);
#2609=VECTOR('',#3553,1.);
#2610=VECTOR('',#3556,1.);
#2611=VECTOR('',#3559,1.);
#2612=VECTOR('',#3562,1.);
#2613=VECTOR('',#3565,1.);
#2614=VECTOR('',#3568,1.);
#2615=VECTOR('',#3571,1.);
#2616=VECTOR('',#3574,1.);
#2617=VECTOR('',#3577,1.);
#2618=VECTOR('',#3580,1.);
#2619=VECTOR('',#3583,1.);
#2620=AXIS2_PLACEMENT_3D('',#3588,#2864,#2865);
#2621=AXIS2_PLACEMENT_3D('',#3601,#2872,#2873);
#2622=AXIS2_PLACEMENT_3D('',#3607,#2877,#2878);
#2623=AXIS2_PLACEMENT_3D('',#3617,#2884,#2885);
#2624=AXIS2_PLACEMENT_3D('',#3630,#2892,#2893);
#2625=AXIS2_PLACEMENT_3D('',#3636,#2897,#2898);
#2626=AXIS2_PLACEMENT_3D('',#3646,#2904,#2905);
#2627=AXIS2_PLACEMENT_3D('',#3667,#2918,#2919);
#2628=AXIS2_PLACEMENT_3D('',#3669,#2921,#2922);
#2629=AXIS2_PLACEMENT_3D('',#3671,#2924,#2925);
#2630=AXIS2_PLACEMENT_3D('',#3677,#2929,#2930);
#2631=AXIS2_PLACEMENT_3D('',#3681,#2933,#2934);
#2632=AXIS2_PLACEMENT_3D('',#3685,#2937,#2938);
#2633=AXIS2_PLACEMENT_3D('',#3687,#2940,#2941);
#2634=AXIS2_PLACEMENT_3D('',#3694,#2945,#2946);
#2635=AXIS2_PLACEMENT_3D('',#3698,#2948,#2949);
#2636=AXIS2_PLACEMENT_3D('',#3701,#2951,#2952);
#2637=AXIS2_PLACEMENT_3D('',#3703,#2954,#2955);
#2638=AXIS2_PLACEMENT_3D('',#3704,#2956,#2957);
#2639=AXIS2_PLACEMENT_3D('',#3706,#2959,#2960);
#2640=AXIS2_PLACEMENT_3D('',#3711,#2963,#2964);
#2641=AXIS2_PLACEMENT_3D('',#3715,#2966,#2967);
#2642=AXIS2_PLACEMENT_3D('',#3720,#2970,#2971);
#2643=AXIS2_PLACEMENT_3D('',#3722,#2973,#2974);
#2644=AXIS2_PLACEMENT_3D('',#3723,#2975,#2976);
#2645=AXIS2_PLACEMENT_3D('',#3725,#2978,#2979);
#2646=AXIS2_PLACEMENT_3D('',#3731,#2983,#2984);
#2647=AXIS2_PLACEMENT_3D('',#3737,#2988,#2989);
#2648=AXIS2_PLACEMENT_3D('',#3738,#2990,#2991);
#2649=AXIS2_PLACEMENT_3D('',#3739,#2992,#2993);
#2650=AXIS2_PLACEMENT_3D('',#3742,#2995,#2996);
#2651=AXIS2_PLACEMENT_3D('',#3746,#2999,#3000);
#2652=AXIS2_PLACEMENT_3D('',#3747,#3001,#3002);
#2653=AXIS2_PLACEMENT_3D('',#3748,#3003,#3004);
#2654=AXIS2_PLACEMENT_3D('',#3749,#3005,#3006);
#2655=AXIS2_PLACEMENT_3D('',#3752,#3008,#3009);
#2656=AXIS2_PLACEMENT_3D('',#3756,#3012,#3013);
#2657=AXIS2_PLACEMENT_3D('',#3757,#3014,#3015);
#2658=AXIS2_PLACEMENT_3D('',#3758,#3016,#3017);
#2659=AXIS2_PLACEMENT_3D('',#3759,#3018,#3019);
#2660=AXIS2_PLACEMENT_3D('',#3761,#3020,#3021);
#2661=AXIS2_PLACEMENT_3D('',#3763,#3022,#3023);
#2662=AXIS2_PLACEMENT_3D('',#3765,#3024,#3025);
#2663=AXIS2_PLACEMENT_3D('',#3767,#3026,#3027);
#2664=AXIS2_PLACEMENT_3D('',#3768,#3028,#3029);
#2665=AXIS2_PLACEMENT_3D('',#3770,#3030,#3031);
#2666=AXIS2_PLACEMENT_3D('',#3771,#3032,#3033);
#2667=AXIS2_PLACEMENT_3D('',#3773,#3034,#3035);
#2668=AXIS2_PLACEMENT_3D('',#3774,#3036,#3037);
#2669=AXIS2_PLACEMENT_3D('',#3776,#3038,#3039);
#2670=AXIS2_PLACEMENT_3D('',#3777,#3040,#3041);
#2671=AXIS2_PLACEMENT_3D('',#3779,#3042,#3043);
#2672=AXIS2_PLACEMENT_3D('',#3780,#3044,#3045);
#2673=AXIS2_PLACEMENT_3D('',#3782,#3046,#3047);
#2674=AXIS2_PLACEMENT_3D('',#3783,#3048,#3049);
#2675=AXIS2_PLACEMENT_3D('',#3785,#3050,#3051);
#2676=AXIS2_PLACEMENT_3D('',#3786,#3052,#3053);
#2677=AXIS2_PLACEMENT_3D('',#3788,#3054,#3055);
#2678=AXIS2_PLACEMENT_3D('',#3789,#3056,#3057);
#2679=AXIS2_PLACEMENT_3D('',#3791,#3058,#3059);
#2680=AXIS2_PLACEMENT_3D('',#3802,#3060,#3061);
#2681=AXIS2_PLACEMENT_3D('',#3813,#3062,#3063);
#2682=AXIS2_PLACEMENT_3D('',#3824,#3064,#3065);
#2683=AXIS2_PLACEMENT_3D('',#3835,#3066,#3067);
#2684=AXIS2_PLACEMENT_3D('',#3836,#3068,#3069);
#2685=AXIS2_PLACEMENT_3D('',#3946,#3070,#3071);
#2686=AXIS2_PLACEMENT_3D('',#4056,#3072,#3073);
#2687=AXIS2_PLACEMENT_3D('',#4166,#3074,#3075);
#2688=AXIS2_PLACEMENT_3D('',#4276,#3076,#3077);
#2689=AXIS2_PLACEMENT_3D('',#4277,#3078,#3079);
#2690=AXIS2_PLACEMENT_3D('',#4278,#3080,#3081);
#2691=AXIS2_PLACEMENT_3D('',#4279,#3082,#3083);
#2692=AXIS2_PLACEMENT_3D('',#4283,#3085,#3086);
#2693=AXIS2_PLACEMENT_3D('',#4287,#3088,#3089);
#2694=AXIS2_PLACEMENT_3D('',#4288,#3090,#3091);
#2695=AXIS2_PLACEMENT_3D('',#4294,#3094,#3095);
#2696=AXIS2_PLACEMENT_3D('',#4301,#3099,#3100);
#2697=AXIS2_PLACEMENT_3D('',#4307,#3103,#3104);
#2698=AXIS2_PLACEMENT_3D('',#4308,#3105,#3106);
#2699=AXIS2_PLACEMENT_3D('',#4312,#3108,#3109);
#2700=AXIS2_PLACEMENT_3D('',#4318,#3112,#3113);
#2701=AXIS2_PLACEMENT_3D('',#4325,#3117,#3118);
#2702=AXIS2_PLACEMENT_3D('',#4328,#3120,#3121);
#2703=AXIS2_PLACEMENT_3D('',#4330,#3123,#3124);
#2704=AXIS2_PLACEMENT_3D('',#4332,#3126,#3127);
#2705=AXIS2_PLACEMENT_3D('',#4334,#3129,#3130);
#2706=AXIS2_PLACEMENT_3D('',#4336,#3132,#3133);
#2707=AXIS2_PLACEMENT_3D('',#4338,#3135,#3136);
#2708=AXIS2_PLACEMENT_3D('',#4340,#3138,#3139);
#2709=AXIS2_PLACEMENT_3D('',#4346,#3143,#3144);
#2710=AXIS2_PLACEMENT_3D('',#4348,#3146,#3147);
#2711=AXIS2_PLACEMENT_3D('',#4360,#3149,#3150);
#2712=AXIS2_PLACEMENT_3D('',#4366,#3154,#3155);
#2713=AXIS2_PLACEMENT_3D('',#4372,#3159,#3160);
#2714=AXIS2_PLACEMENT_3D('',#4375,#3163,#3164);
#2715=AXIS2_PLACEMENT_3D('',#4376,#3165,#3166);
#2716=AXIS2_PLACEMENT_3D('',#4377,#3167,#3168);
#2717=AXIS2_PLACEMENT_3D('',#4381,#3170,#3171);
#2718=AXIS2_PLACEMENT_3D('',#4385,#3173,#3174);
#2719=AXIS2_PLACEMENT_3D('',#4389,#3176,#3177);
#2720=AXIS2_PLACEMENT_3D('',#4393,#3179,#3180);
#2721=AXIS2_PLACEMENT_3D('',#4394,#3181,#3182);
#2722=AXIS2_PLACEMENT_3D('',#4396,#3183,#3184);
#2723=AXIS2_PLACEMENT_3D('',#4398,#3185,#3186);
#2724=AXIS2_PLACEMENT_3D('',#4400,#3187,#3188);
#2725=AXIS2_PLACEMENT_3D('',#4402,#3189,#3190);
#2726=AXIS2_PLACEMENT_3D('',#4404,#3191,#3192);
#2727=AXIS2_PLACEMENT_3D('',#4405,#3193,#3194);
#2728=AXIS2_PLACEMENT_3D('',#4410,#3196,#3197);
#2729=AXIS2_PLACEMENT_3D('',#4414,#3199,#3200);
#2730=AXIS2_PLACEMENT_3D('',#4418,#3202,#3203);
#2731=AXIS2_PLACEMENT_3D('',#4421,#3205,#3206);
#2732=AXIS2_PLACEMENT_3D('',#4423,#3207,#3208);
#2733=AXIS2_PLACEMENT_3D('',#4425,#3209,#3210);
#2734=AXIS2_PLACEMENT_3D('',#4427,#3211,#3212);
#2735=AXIS2_PLACEMENT_3D('',#4429,#3213,#3214);
#2736=AXIS2_PLACEMENT_3D('',#4431,#3215,#3216);
#2737=AXIS2_PLACEMENT_3D('',#4432,#3217,#3218);
#2738=AXIS2_PLACEMENT_3D('',#4433,#3219,#3220);
#2739=AXIS2_PLACEMENT_3D('',#4434,#3221,#3222);
#2740=AXIS2_PLACEMENT_3D('',#4435,#3223,#3224);
#2741=AXIS2_PLACEMENT_3D('',#4436,#3225,#3226);
#2742=AXIS2_PLACEMENT_3D('',#4439,#3229,#3230);
#2743=AXIS2_PLACEMENT_3D('',#4441,#3232,#3233);
#2744=AXIS2_PLACEMENT_3D('',#4443,#3235,#3236);
#2745=AXIS2_PLACEMENT_3D('',#4445,#3238,#3239);
#2746=AXIS2_PLACEMENT_3D('',#4447,#3241,#3242);
#2747=AXIS2_PLACEMENT_3D('',#4449,#3244,#3245);
#2748=AXIS2_PLACEMENT_3D('',#4451,#3247,#3248);
#2749=AXIS2_PLACEMENT_3D('',#4452,#3249,#3250);
#2750=AXIS2_PLACEMENT_3D('',#4453,#3251,#3252);
#2751=AXIS2_PLACEMENT_3D('',#4458,#3254,#3255);
#2752=AXIS2_PLACEMENT_3D('',#4461,#3257,#3258);
#2753=AXIS2_PLACEMENT_3D('',#4462,#3259,#3260);
#2754=AXIS2_PLACEMENT_3D('',#4469,#3263,#3264);
#2755=AXIS2_PLACEMENT_3D('',#4476,#3268,#3269);
#2756=AXIS2_PLACEMENT_3D('',#4481,#3272,#3273);
#2757=AXIS2_PLACEMENT_3D('',#4485,#3275,#3276);
#2758=AXIS2_PLACEMENT_3D('',#4492,#3280,#3281);
#2759=AXIS2_PLACEMENT_3D('',#4498,#3284,#3285);
#2760=AXIS2_PLACEMENT_3D('',#4501,#3287,#3288);
#2761=AXIS2_PLACEMENT_3D('',#4503,#3290,#3291);
#2762=AXIS2_PLACEMENT_3D('',#4505,#3293,#3294);
#2763=AXIS2_PLACEMENT_3D('',#4507,#3296,#3297);
#2764=AXIS2_PLACEMENT_3D('',#4509,#3299,#3300);
#2765=AXIS2_PLACEMENT_3D('',#4511,#3302,#3303);
#2766=AXIS2_PLACEMENT_3D('',#4513,#3305,#3306);
#2767=AXIS2_PLACEMENT_3D('',#4519,#3310,#3311);
#2768=AXIS2_PLACEMENT_3D('',#4521,#3313,#3314);
#2769=AXIS2_PLACEMENT_3D('',#4533,#3316,#3317);
#2770=AXIS2_PLACEMENT_3D('',#4539,#3321,#3322);
#2771=AXIS2_PLACEMENT_3D('',#4545,#3326,#3327);
#2772=AXIS2_PLACEMENT_3D('',#4548,#3330,#3331);
#2773=AXIS2_PLACEMENT_3D('',#4549,#3332,#3333);
#2774=AXIS2_PLACEMENT_3D('',#4550,#3334,#3335);
#2775=AXIS2_PLACEMENT_3D('',#4551,#3336,#3337);
#2776=AXIS2_PLACEMENT_3D('',#4553,#3338,#3339);
#2777=AXIS2_PLACEMENT_3D('',#4555,#3340,#3341);
#2778=AXIS2_PLACEMENT_3D('',#4556,#3342,#3343);
#2779=AXIS2_PLACEMENT_3D('',#4558,#3344,#3345);
#2780=AXIS2_PLACEMENT_3D('',#4559,#3346,#3347);
#2781=AXIS2_PLACEMENT_3D('',#4560,#3348,#3349);
#2782=AXIS2_PLACEMENT_3D('',#4569,#3354,#3355);
#2783=AXIS2_PLACEMENT_3D('',#4578,#3360,#3361);
#2784=AXIS2_PLACEMENT_3D('',#4587,#3366,#3367);
#2785=AXIS2_PLACEMENT_3D('',#4596,#3372,#3373);
#2786=AXIS2_PLACEMENT_3D('',#4600,#3375,#3376);
#2787=AXIS2_PLACEMENT_3D('',#4604,#3378,#3379);
#2788=AXIS2_PLACEMENT_3D('',#4606,#3380,#3381);
#2789=AXIS2_PLACEMENT_3D('',#4607,#3382,#3383);
#2790=AXIS2_PLACEMENT_3D('',#4608,#3384,#3385);
#2791=AXIS2_PLACEMENT_3D('',#4612,#3387,#3388);
#2792=AXIS2_PLACEMENT_3D('',#4616,#3390,#3391);
#2793=AXIS2_PLACEMENT_3D('',#4620,#3393,#3394);
#2794=AXIS2_PLACEMENT_3D('',#4622,#3395,#3396);
#2795=AXIS2_PLACEMENT_3D('',#4623,#3397,#3398);
#2796=AXIS2_PLACEMENT_3D('',#4624,#3399,#3400);
#2797=AXIS2_PLACEMENT_3D('',#4628,#3402,#3403);
#2798=AXIS2_PLACEMENT_3D('',#4629,#3404,#3405);
#2799=AXIS2_PLACEMENT_3D('',#4630,#3406,#3407);
#2800=AXIS2_PLACEMENT_3D('',#4635,#3409,#3410);
#2801=AXIS2_PLACEMENT_3D('',#4639,#3412,#3413);
#2802=AXIS2_PLACEMENT_3D('',#4643,#3415,#3416);
#2803=AXIS2_PLACEMENT_3D('',#4645,#3417,#3418);
#2804=AXIS2_PLACEMENT_3D('',#4649,#3420,#3421);
#2805=AXIS2_PLACEMENT_3D('',#4653,#3423,#3424);
#2806=AXIS2_PLACEMENT_3D('',#4657,#3426,#3427);
#2807=AXIS2_PLACEMENT_3D('',#4661,#3429,#3430);
#2808=AXIS2_PLACEMENT_3D('',#4665,#3432,#3433);
#2809=AXIS2_PLACEMENT_3D('',#4667,#3434,#3435);
#2810=AXIS2_PLACEMENT_3D('',#4671,#3437,#3438);
#2811=AXIS2_PLACEMENT_3D('',#4674,#3440,#3441);
#2812=AXIS2_PLACEMENT_3D('',#4675,#3442,#3443);
#2813=AXIS2_PLACEMENT_3D('',#4676,#3444,#3445);
#2814=AXIS2_PLACEMENT_3D('',#4679,#3447,#3448);
#2815=AXIS2_PLACEMENT_3D('',#4680,#3449,#3450);
#2816=AXIS2_PLACEMENT_3D('',#4681,#3451,#3452);
#2817=AXIS2_PLACEMENT_3D('',#4682,#3453,#3454);
#2818=AXIS2_PLACEMENT_3D('',#4685,#3456,#3457);
#2819=AXIS2_PLACEMENT_3D('',#4686,#3458,#3459);
#2820=AXIS2_PLACEMENT_3D('',#4692,#3463,#3464);
#2821=AXIS2_PLACEMENT_3D('',#4698,#3468,#3469);
#2822=AXIS2_PLACEMENT_3D('',#4704,#3473,#3474);
#2823=AXIS2_PLACEMENT_3D('',#4710,#3478,#3479);
#2824=AXIS2_PLACEMENT_3D('',#4716,#3483,#3484);
#2825=AXIS2_PLACEMENT_3D('',#4722,#3488,#3489);
#2826=AXIS2_PLACEMENT_3D('',#4723,#3490,#3491);
#2827=AXIS2_PLACEMENT_3D('',#4724,#3492,#3493);
#2828=AXIS2_PLACEMENT_3D('',#4725,#3494,#3495);
#2829=AXIS2_PLACEMENT_3D('',#4726,#3496,#3497);
#2830=AXIS2_PLACEMENT_3D('',#4727,#3498,#3499);
#2831=AXIS2_PLACEMENT_3D('',#4728,#3500,#3501);
#2832=AXIS2_PLACEMENT_3D('',#4729,#3502,#3503);
#2833=AXIS2_PLACEMENT_3D('',#4730,#3504,#3505);
#2834=AXIS2_PLACEMENT_3D('',#4731,#3506,#3507);
#2835=AXIS2_PLACEMENT_3D('',#4732,#3508,#3509);
#2836=AXIS2_PLACEMENT_3D('',#4733,#3510,#3511);
#2837=AXIS2_PLACEMENT_3D('',#4734,#3512,#3513);
#2838=AXIS2_PLACEMENT_3D('',#4735,#3514,#3515);
#2839=AXIS2_PLACEMENT_3D('',#4736,#3516,#3517);
#2840=AXIS2_PLACEMENT_3D('',#4737,#3518,#3519);
#2841=AXIS2_PLACEMENT_3D('',#4738,#3520,#3521);
#2842=AXIS2_PLACEMENT_3D('',#4741,#3524,#3525);
#2843=AXIS2_PLACEMENT_3D('',#4743,#3527,#3528);
#2844=AXIS2_PLACEMENT_3D('',#4745,#3530,#3531);
#2845=AXIS2_PLACEMENT_3D('',#4747,#3533,#3534);
#2846=AXIS2_PLACEMENT_3D('',#4749,#3536,#3537);
#2847=AXIS2_PLACEMENT_3D('',#4751,#3539,#3540);
#2848=AXIS2_PLACEMENT_3D('',#4753,#3542,#3543);
#2849=AXIS2_PLACEMENT_3D('',#4755,#3545,#3546);
#2850=AXIS2_PLACEMENT_3D('',#4757,#3548,#3549);
#2851=AXIS2_PLACEMENT_3D('',#4759,#3551,#3552);
#2852=AXIS2_PLACEMENT_3D('',#4761,#3554,#3555);
#2853=AXIS2_PLACEMENT_3D('',#4763,#3557,#3558);
#2854=AXIS2_PLACEMENT_3D('',#4765,#3560,#3561);
#2855=AXIS2_PLACEMENT_3D('',#4767,#3563,#3564);
#2856=AXIS2_PLACEMENT_3D('',#4769,#3566,#3567);
#2857=AXIS2_PLACEMENT_3D('',#4771,#3569,#3570);
#2858=AXIS2_PLACEMENT_3D('',#4773,#3572,#3573);
#2859=AXIS2_PLACEMENT_3D('',#4775,#3575,#3576);
#2860=AXIS2_PLACEMENT_3D('',#4777,#3578,#3579);
#2861=AXIS2_PLACEMENT_3D('',#4779,#3581,#3582);
#2862=AXIS2_PLACEMENT_3D('',#4781,#3584,#3585);
#2863=AXIS2_PLACEMENT_3D('',#4782,#3586,#3587);
#2864=DIRECTION('',(0.,0.,1.));
#2865=DIRECTION('',(1.,0.,0.));
#2866=DIRECTION('',(-0.544639035015027,0.838670567945424,0.));
#2867=DIRECTION('',(0.,0.,-1.));
#2868=DIRECTION('',(0.544639035015027,-0.838670567945424,0.));
#2869=DIRECTION('',(0.,0.,-1.));
#2870=DIRECTION('',(0.544639035015027,-0.838670567945424,0.));
#2871=DIRECTION('',(0.,0.,-1.));
#2872=DIRECTION('',(0.838670567945424,0.544639035015027,0.));
#2873=DIRECTION('',(-0.544639035015027,0.838670567945424,0.));
#2874=DIRECTION('',(-0.838670567945424,-0.544639035015027,0.));
#2875=DIRECTION('',(0.838670567945424,0.544639035015027,0.));
#2876=DIRECTION('',(0.,0.,-1.));
#2877=DIRECTION('',(-0.544639035015027,0.838670567945424,0.));
#2878=DIRECTION('',(-0.838670567945424,-0.544639035015027,0.));
#2879=DIRECTION('',(0.544639035015027,-0.838670567945424,0.));
#2880=DIRECTION('',(-0.544639035015027,0.838670567945424,0.));
#2881=DIRECTION('',(0.,0.,-1.));
#2882=DIRECTION('',(-0.544639035015027,0.838670567945424,0.));
#2883=DIRECTION('',(0.,0.,-1.));
#2884=DIRECTION('',(-0.838670567945424,-0.544639035015027,0.));
#2885=DIRECTION('',(0.544639035015027,-0.838670567945424,0.));
#2886=DIRECTION('',(0.544639035015027,-0.838670567945424,0.));
#2887=DIRECTION('',(0.,0.,-1.));
#2888=DIRECTION('',(-0.544639035015027,0.838670567945424,0.));
#2889=DIRECTION('',(0.,0.,-1.));
#2890=DIRECTION('',(-0.544639035015027,0.838670567945424,0.));
#2891=DIRECTION('',(0.,0.,-1.));
#2892=DIRECTION('',(-0.838670567945424,-0.544639035015027,0.));
#2893=DIRECTION('',(0.544639035015027,-0.838670567945424,0.));
#2894=DIRECTION('',(0.838670567945424,0.544639035015027,0.));
#2895=DIRECTION('',(-0.838670567945424,-0.544639035015027,0.));
#2896=DIRECTION('',(0.,0.,-1.));
#2897=DIRECTION('',(0.544639035015027,-0.838670567945424,0.));
#2898=DIRECTION('',(0.838670567945424,0.544639035015027,0.));
#2899=DIRECTION('',(-0.544639035015027,0.838670567945424,0.));
#2900=DIRECTION('',(0.544639035015027,-0.838670567945424,0.));
#2901=DIRECTION('',(0.,0.,-1.));
#2902=DIRECTION('',(0.544639035015027,-0.838670567945424,0.));
#2903=DIRECTION('',(0.,0.,-1.));
#2904=DIRECTION('',(0.838670567945424,0.544639035015027,0.));
#2905=DIRECTION('',(-0.544639035015027,0.838670567945424,0.));
#2906=DIRECTION('',(0.838670567945424,0.544639035015027,0.));
#2907=DIRECTION('',(0.838670567945424,0.544639035015027,0.));
#2908=DIRECTION('',(-0.544639035015027,0.838670567945424,0.));
#2909=DIRECTION('',(-0.838670567945424,-0.544639035015027,0.));
#2910=DIRECTION('',(-0.838670567945424,-0.544639035015027,0.));
#2911=DIRECTION('',(-0.838670567945424,-0.544639035015027,0.));
#2912=DIRECTION('',(0.544639035015027,-0.838670567945424,0.));
#2913=DIRECTION('',(0.838670567945424,0.544639035015027,0.));
#2914=DIRECTION('',(-0.838670567945424,-0.544639035015027,0.));
#2915=DIRECTION('',(0.544639035015027,-0.838670567945424,0.));
#2916=DIRECTION('',(0.838670567945424,0.544639035015027,0.));
#2917=DIRECTION('',(-0.544639035015027,0.838670567945424,0.));
#2918=DIRECTION('',(0.,0.,-1.));
#2919=DIRECTION('',(0.838670567945424,0.544639035015027,0.));
#2920=DIRECTION('',(0.838670567945424,0.544639035015027,0.));
#2921=DIRECTION('',(-0.544639035015027,0.838670567945424,0.));
#2922=DIRECTION('',(-0.838670567945424,-0.544639035015027,0.));
#2923=DIRECTION('',(-0.838670567945424,-0.544639035015027,0.));
#2924=DIRECTION('',(0.544639035015027,-0.838670567945424,0.));
#2925=DIRECTION('',(0.838670567945424,0.544639035015027,0.));
#2926=DIRECTION('',(0.,0.,-1.));
#2927=DIRECTION('',(-0.544639035015027,0.838670567945424,0.));
#2928=DIRECTION('',(0.,0.,-1.));
#2929=DIRECTION('',(-0.838670567945424,-0.544639035015027,0.));
#2930=DIRECTION('',(0.544639035015027,-0.838670567945424,0.));
#2931=DIRECTION('',(-0.838670567945424,-0.544639035015027,0.));
#2932=DIRECTION('',(0.,0.,-1.));
#2933=DIRECTION('',(0.544639035015027,-0.838670567945424,0.));
#2934=DIRECTION('',(0.838670567945424,0.544639035015027,0.));
#2935=DIRECTION('',(0.544639035015027,-0.838670567945424,0.));
#2936=DIRECTION('',(0.,0.,-1.));
#2937=DIRECTION('',(0.838670567945424,0.544639035015027,0.));
#2938=DIRECTION('',(-0.544639035015027,0.838670567945424,0.));
#2939=DIRECTION('',(0.838670567945424,0.544639035015027,0.));
#2940=DIRECTION('',(-0.544639035015027,0.838670567945424,0.));
#2941=DIRECTION('',(-0.838670567945424,-0.544639035015027,0.));
#2942=DIRECTION('',(-0.838670567945424,-0.544639035015027,0.));
#2943=DIRECTION('',(-0.838670567945424,-0.544639035015027,0.));
#2944=DIRECTION('',(0.544639035015027,-0.838670567945424,0.));
#2945=DIRECTION('',(0.,0.,1.));
#2946=DIRECTION('',(-0.54463903501503,0.838670567945424,0.));
#2947=DIRECTION('',(-0.838670567945424,-0.544639035015027,0.));
#2948=DIRECTION('',(0.,0.,1.));
#2949=DIRECTION('',(0.838670567945424,0.54463903501503,0.));
#2950=DIRECTION('',(-0.544639035015027,0.838670567945424,0.));
#2951=DIRECTION('',(0.,0.,1.));
#2952=DIRECTION('',(-0.838670567945424,-0.544639035015027,0.));
#2953=DIRECTION('',(0.,0.,-1.));
#2954=DIRECTION('',(-0.544639035015027,0.838670567945424,0.));
#2955=DIRECTION('',(-0.838670567945424,-0.544639035015027,0.));
#2956=DIRECTION('',(0.,0.,-1.));
#2957=DIRECTION('',(0.838670567945424,0.544639035015027,0.));
#2958=DIRECTION('',(0.,0.,1.));
#2959=DIRECTION('',(-0.544639035015027,0.838670567945424,0.));
#2960=DIRECTION('',(-0.838670567945424,-0.544639035015027,0.));
#2961=DIRECTION('',(0.838670567945424,0.544639035015027,0.));
#2962=DIRECTION('',(-0.544639035015027,0.838670567945424,0.));
#2963=DIRECTION('',(0.,0.,1.));
#2964=DIRECTION('',(0.54463903501503,-0.838670567945424,0.));
#2965=DIRECTION('',(0.838670567945424,0.544639035015027,0.));
#2966=DIRECTION('',(0.,0.,1.));
#2967=DIRECTION('',(-0.838670567945424,-0.54463903501503,0.));
#2968=DIRECTION('',(0.544639035015027,-0.838670567945424,0.));
#2969=DIRECTION('',(0.838670567945424,0.544639035015027,0.));
#2970=DIRECTION('',(0.,0.,1.));
#2971=DIRECTION('',(-0.838670567945424,-0.544639035015027,0.));
#2972=DIRECTION('',(0.,0.,-1.));
#2973=DIRECTION('',(0.544639035015027,-0.838670567945424,0.));
#2974=DIRECTION('',(0.838670567945424,0.544639035015027,0.));
#2975=DIRECTION('',(0.,0.,-1.));
#2976=DIRECTION('',(0.838670567945424,0.544639035015027,0.));
#2977=DIRECTION('',(0.,0.,1.));
#2978=DIRECTION('',(0.544639035015027,-0.838670567945424,0.));
#2979=DIRECTION('',(0.838670567945424,0.544639035015027,0.));
#2980=DIRECTION('',(0.,0.,1.));
#2981=DIRECTION('',(-0.544639035015027,0.838670567945424,0.));
#2982=DIRECTION('',(0.,0.,1.));
#2983=DIRECTION('',(0.838670567945424,0.544639035015027,0.));
#2984=DIRECTION('',(0.544639035015027,-0.838670567945424,0.));
#2985=DIRECTION('',(0.,0.,1.));
#2986=DIRECTION('',(0.544639035015027,-0.838670567945424,0.));
#2987=DIRECTION('',(0.,0.,1.));
#2988=DIRECTION('',(-0.838670567945424,-0.544639035015027,0.));
#2989=DIRECTION('',(-0.544639035015027,0.838670567945424,0.));
#2990=DIRECTION('',(0.,0.,-1.));
#2991=DIRECTION('',(0.838670567945424,0.544639035015027,0.));
#2992=DIRECTION('',(0.,0.,1.));
#2993=DIRECTION('',(-0.54463903501503,0.838670567945424,0.));
#2994=DIRECTION('',(0.,0.,1.));
#2995=DIRECTION('',(0.,0.,1.));
#2996=DIRECTION('',(0.54463903501503,-0.838670567945424,0.));
#2997=DIRECTION('',(-0.838670567945424,-0.544639035015027,0.));
#2998=DIRECTION('',(0.,0.,1.));
#2999=DIRECTION('',(-0.544639035015027,0.838670567945424,0.));
#3000=DIRECTION('',(0.838670567945424,0.544639035015027,0.));
#3001=DIRECTION('',(0.,0.,1.));
#3002=DIRECTION('',(0.838670567945424,0.54463903501503,0.));
#3003=DIRECTION('',(0.,0.,1.));
#3004=DIRECTION('',(-0.838670567945424,-0.54463903501503,0.));
#3005=DIRECTION('',(0.,0.,1.));
#3006=DIRECTION('',(0.54463903501503,-0.838670567945424,0.));
#3007=DIRECTION('',(0.,0.,1.));
#3008=DIRECTION('',(0.,0.,1.));
#3009=DIRECTION('',(-0.54463903501503,0.838670567945424,0.));
#3010=DIRECTION('',(0.838670567945424,0.544639035015027,0.));
#3011=DIRECTION('',(0.,0.,1.));
#3012=DIRECTION('',(0.544639035015027,-0.838670567945424,0.));
#3013=DIRECTION('',(-0.838670567945424,-0.544639035015027,0.));
#3014=DIRECTION('',(0.,0.,1.));
#3015=DIRECTION('',(-0.838670567945424,-0.54463903501503,0.));
#3016=DIRECTION('',(0.,0.,1.));
#3017=DIRECTION('',(0.838670567945424,0.54463903501503,0.));
#3018=DIRECTION('',(0.,0.,1.));
#3019=DIRECTION('',(0.838670567945424,0.544639035015027,0.));
#3020=DIRECTION('',(0.,0.,1.));
#3021=DIRECTION('',(0.838670567945424,0.544639035015027,0.));
#3022=DIRECTION('',(0.,0.,1.));
#3023=DIRECTION('',(0.838670567945424,0.544639035015027,0.));
#3024=DIRECTION('',(0.,0.,1.));
#3025=DIRECTION('',(0.838670567945424,0.544639035015027,0.));
#3026=DIRECTION('',(0.,0.,1.));
#3027=DIRECTION('',(-0.838670567945424,-0.544639035015027,0.));
#3028=DIRECTION('',(0.,0.,1.));
#3029=DIRECTION('',(0.838670567945424,0.544639035015027,0.));
#3030=DIRECTION('',(0.,0.,1.));
#3031=DIRECTION('',(-0.838670567945424,-0.544639035015027,0.));
#3032=DIRECTION('',(0.,0.,1.));
#3033=DIRECTION('',(0.838670567945424,0.544639035015027,0.));
#3034=DIRECTION('',(0.,0.,1.));
#3035=DIRECTION('',(-0.838670567945424,-0.544639035015027,0.));
#3036=DIRECTION('',(0.,0.,1.));
#3037=DIRECTION('',(0.838670567945424,0.544639035015027,0.));
#3038=DIRECTION('',(0.,0.,1.));
#3039=DIRECTION('',(-0.838670567945424,-0.544639035015027,0.));
#3040=DIRECTION('',(0.,0.,1.));
#3041=DIRECTION('',(0.838670567945424,0.544639035015027,0.));
#3042=DIRECTION('',(0.,0.,1.));
#3043=DIRECTION('',(-0.838670567945424,-0.544639035015027,0.));
#3044=DIRECTION('',(0.,0.,1.));
#3045=DIRECTION('',(0.838670567945425,0.544639035015027,0.));
#3046=DIRECTION('',(0.,0.,1.));
#3047=DIRECTION('',(-0.838670567945424,-0.544639035015027,0.));
#3048=DIRECTION('',(0.,0.,1.));
#3049=DIRECTION('',(0.838670567945424,0.544639035015027,0.));
#3050=DIRECTION('',(0.,0.,1.));
#3051=DIRECTION('',(-0.838670567945424,-0.544639035015027,0.));
#3052=DIRECTION('',(0.,0.,1.));
#3053=DIRECTION('',(0.838670567945424,0.544639035015027,0.));
#3054=DIRECTION('',(0.,0.,1.));
#3055=DIRECTION('',(-0.838670567945424,-0.544639035015027,0.));
#3056=DIRECTION('',(0.,0.,1.));
#3057=DIRECTION('',(0.838670567945425,0.544639035015027,0.));
#3058=DIRECTION('',(0.,0.,1.));
#3059=DIRECTION('',(-0.838670567945424,-0.544639035015027,0.));
#3060=DIRECTION('',(0.,0.,1.));
#3061=DIRECTION('',(-0.838670567945425,-0.544639035015027,0.));
#3062=DIRECTION('',(0.,0.,1.));
#3063=DIRECTION('',(-0.838670567945424,-0.544639035015027,0.));
#3064=DIRECTION('',(0.,0.,1.));
#3065=DIRECTION('',(-0.838670567945424,-0.544639035015027,0.));
#3066=DIRECTION('',(0.,0.,1.));
#3067=DIRECTION('',(-0.838670567945425,-0.544639035015027,0.));
#3068=DIRECTION('',(0.,0.,1.));
#3069=DIRECTION('',(0.838670567945415,0.544639035015069,0.));
#3070=DIRECTION('',(0.,0.,1.));
#3071=DIRECTION('',(0.838670567945415,0.54463903501496,0.));
#3072=DIRECTION('',(0.,0.,1.));
#3073=DIRECTION('',(0.838670567945415,0.54463903501496,0.));
#3074=DIRECTION('',(0.,0.,1.));
#3075=DIRECTION('',(0.838670567945415,0.544639035015069,0.));
#3076=DIRECTION('',(0.,0.,1.));
#3077=DIRECTION('',(-0.838670567945424,-0.544639035015027,0.));
#3078=DIRECTION('',(0.,0.,1.));
#3079=DIRECTION('',(-0.838670567945424,-0.544639035015027,0.));
#3080=DIRECTION('',(0.,0.,1.));
#3081=DIRECTION('',(-0.838670567945424,-0.544639035015027,0.));
#3082=DIRECTION('',(0.,0.,1.));
#3083=DIRECTION('',(-0.838670567945424,-0.544639035015027,0.));
#3084=DIRECTION('',(0.544639035015027,-0.838670567945424,0.));
#3085=DIRECTION('',(-0.544639035015027,0.838670567945424,6.12323399573677E-17));
#3086=DIRECTION('',(0.,0.,1.));
#3087=DIRECTION('',(0.544639035015027,-0.838670567945424,0.));
#3088=DIRECTION('',(-0.544639035015027,0.838670567945424,6.12323399573677E-17));
#3089=DIRECTION('',(0.,0.,1.));
#3090=DIRECTION('',(-0.544639035015027,0.838670567945424,6.12323399573677E-17));
#3091=DIRECTION('',(0.,0.,-1.));
#3092=DIRECTION('',(-0.788092543968642,-0.511793282195579,0.342020143325668));
#3093=DIRECTION('',(-0.640640352763286,-0.416036709593209,-0.645362994509438));
#3094=DIRECTION('',(-0.544639035015027,0.838670567945424,9.94249653881624E-17));
#3095=DIRECTION('',(0.821614140185542,0.533562461314935,0.200652197901545));
#3096=DIRECTION('',(0.168281092773585,0.109283019438741,-0.979662541632209));
#3097=DIRECTION('',(-2.1190645151028E-16,-1.37613658658316E-16,-1.));
#3098=DIRECTION('',(-3.62020270348226E-16,-2.35098712455554E-16,-1.));
#3099=DIRECTION('',(0.544639035015027,-0.838670567945424,-6.12323399573677E-17));
#3100=DIRECTION('',(-0.838670567945424,-0.544639035015027,-2.16840434497101E-15));
#3101=DIRECTION('',(0.168281092773585,0.109283019438741,-0.979662541632209));
#3102=DIRECTION('',(-0.640640352763286,-0.416036709593209,-0.645362994509438));
#3103=DIRECTION('',(0.544639035015027,-0.838670567945424,-9.94249653881624E-17));
#3104=DIRECTION('',(-0.541246949136189,-0.351489878564028,0.763876040544415));
#3105=DIRECTION('',(0.544639035015027,-0.838670567945424,-6.12323399573677E-17));
#3106=DIRECTION('',(-3.33934269125535E-17,5.13911829758129E-17,-1.));
#3107=DIRECTION('',(0.788092543968642,0.511793282195579,-0.342020143325668));
#3108=DIRECTION('',(0.544639035015027,-0.838670567945424,-9.94249653881624E-17));
#3109=DIRECTION('',(-0.54124694913619,-0.351489878564028,0.763876040544415));
#3110=DIRECTION('',(-0.640640352763286,-0.416036709593209,-0.645362994509438));
#3111=DIRECTION('',(0.168281092773585,0.109283019438741,-0.979662541632209));
#3112=DIRECTION('',(0.544639035015027,-0.838670567945424,-6.12323399573677E-17));
#3113=DIRECTION('',(-0.838670567945424,-0.544639035015027,-2.16840434497101E-15));
#3114=DIRECTION('',(3.62020270348226E-16,2.35098712455554E-16,1.));
#3115=DIRECTION('',(-2.1190645151028E-16,-1.37613658658316E-16,-1.));
#3116=DIRECTION('',(0.168281092773585,0.109283019438741,-0.979662541632209));
#3117=DIRECTION('',(-0.544639035015027,0.838670567945424,9.94249653881624E-17));
#3118=DIRECTION('',(0.821614140185542,0.533562461314935,0.200652197901545));
#3119=DIRECTION('',(-0.640640352763286,-0.416036709593209,-0.645362994509438));
#3120=DIRECTION('',(-0.544639035015027,0.838670567945424,6.12323399573677E-17));
#3121=DIRECTION('',(-3.33934269125535E-17,5.13911829758129E-17,-1.));
#3122=DIRECTION('',(0.544639035015027,-0.838670567945424,0.));
#3123=DIRECTION('',(0.838670567945424,0.544639035015027,-2.52669474295979E-16));
#3124=DIRECTION('',(-0.544639035015027,0.838670567945424,0.));
#3125=DIRECTION('',(-0.544639035015027,0.838670567945424,0.));
#3126=DIRECTION('',(-0.838670567945424,-0.544639035015027,2.52669474295979E-16));
#3127=DIRECTION('',(0.544639035015027,-0.838670567945424,0.));
#3128=DIRECTION('',(-0.544639035015027,0.838670567945424,4.95129087074744E-17));
#3129=DIRECTION('',(0.544639035015027,-0.838670567945424,-6.12323399573677E-17));
#3130=DIRECTION('',(0.838670567945424,0.544639035015028,2.16840434497101E-15));
#3131=DIRECTION('',(0.544639035015027,-0.838670567945424,0.));
#3132=DIRECTION('',(0.821614140185543,0.533562461314935,0.200652197901544));
#3133=DIRECTION('',(-0.544639035015027,0.838670567945424,-2.98047177216265E-16));
#3134=DIRECTION('',(-0.544639035015027,0.838670567945424,0.));
#3135=DIRECTION('',(-0.821614140185543,-0.533562461314935,-0.200652197901543));
#3136=DIRECTION('',(0.544639035015027,-0.838670567945424,2.98047177216265E-16));
#3137=DIRECTION('',(0.544639035015027,-0.838670567945424,2.98076681047677E-16));
#3138=DIRECTION('',(-0.544639035015027,0.838670567945424,9.94249653881624E-17));
#3139=DIRECTION('',(-0.821614140185542,-0.533562461314935,-0.200652197901545));
#3140=DIRECTION('',(-0.500657670580789,-0.59515380831551,-0.628596723930504));
#3141=DIRECTION('',(0.747335878447516,0.215302678684965,0.628596723930501));
#3142=DIRECTION('',(0.544639035015027,-0.838670567945424,6.38343486000848E-16));
#3143=DIRECTION('',(0.54124694913619,0.351489878564028,-0.763876040544414));
#3144=DIRECTION('',(-0.544639035015027,0.838670567945424,-2.97938756999017E-16));
#3145=DIRECTION('',(-0.544639035015027,0.838670567945424,0.));
#3146=DIRECTION('',(-0.54124694913619,-0.351489878564028,0.763876040544414));
#3147=DIRECTION('',(0.544639035015027,-0.838670567945424,2.98155597433514E-16));
#3148=DIRECTION('',(-0.544639035015027,0.838670567945424,0.));
#3149=DIRECTION('',(0.544639035015027,-0.838670567945424,-9.94249653881624E-17));
#3150=DIRECTION('',(0.541246949136189,0.351489878564028,-0.763876040544415));
#3151=DIRECTION('',(-0.136105360984115,-0.396994183765071,-0.907673371190369));
#3152=DIRECTION('',(0.418031270920412,-0.0371336473373776,0.907673371190369));
#3153=DIRECTION('',(0.544639035015027,-0.838670567945424,0.));
#3154=DIRECTION('',(0.788092543968642,0.511793282195579,-0.342020143325668));
#3155=DIRECTION('',(-0.544639035015027,0.838670567945424,0.));
#3156=DIRECTION('',(0.136105360984116,0.396994183765071,0.907673371190369));
#3157=DIRECTION('',(-0.544639035015027,0.838670567945424,0.));
#3158=DIRECTION('',(-0.418031270920412,0.0371336473373776,-0.907673371190369));
#3159=DIRECTION('',(-0.788092543968642,-0.511793282195579,0.342020143325668));
#3160=DIRECTION('',(0.544639035015027,-0.838670567945424,0.));
#3161=DIRECTION('',(0.788092543968642,0.511793282195578,-0.34202014332567));
#3162=DIRECTION('',(-0.788092543968642,-0.511793282195578,0.34202014332567));
#3163=DIRECTION('',(-0.286842227851715,-0.186277520816594,-0.939692620785908));
#3164=DIRECTION('',(0.544639035015027,-0.838670567945424,1.56125112837913E-17));
#3165=DIRECTION('',(0.451840678418511,-0.858305731388822,-0.243210346801693));
#3166=DIRECTION('',(0.788092543968642,0.511793282195579,-0.342020143325668));
#3167=DIRECTION('',(-0.600321141433831,0.76188139126519,-0.243210346801695));
#3168=DIRECTION('',(-0.788092543968642,-0.511793282195579,0.342020143325668));
#3169=DIRECTION('',(0.838670567945424,0.544639035015027,0.));
#3170=DIRECTION('',(0.,0.,1.));
#3171=DIRECTION('',(-0.838670567945424,-0.54463903501503,0.));
#3172=DIRECTION('',(0.544639035015027,-0.838670567945424,0.));
#3173=DIRECTION('',(0.,0.,1.));
#3174=DIRECTION('',(-0.54463903501503,0.838670567945424,0.));
#3175=DIRECTION('',(-0.838670567945424,-0.544639035015027,0.));
#3176=DIRECTION('',(0.,0.,1.));
#3177=DIRECTION('',(0.838670567945424,0.54463903501503,0.));
#3178=DIRECTION('',(-0.544639035015027,0.838670567945424,0.));
#3179=DIRECTION('',(0.,0.,1.));
#3180=DIRECTION('',(0.54463903501503,-0.838670567945424,0.));
#3181=DIRECTION('',(0.,0.,1.));
#3182=DIRECTION('',(0.838670567945424,0.544639035015027,0.));
#3183=DIRECTION('',(0.,0.,1.));
#3184=DIRECTION('',(0.838670567945424,0.544639035015027,0.));
#3185=DIRECTION('',(0.,0.,1.));
#3186=DIRECTION('',(0.838670567945424,0.544639035015027,0.));
#3187=DIRECTION('',(0.,0.,1.));
#3188=DIRECTION('',(0.838670567945424,0.544639035015027,0.));
#3189=DIRECTION('',(0.,0.,1.));
#3190=DIRECTION('',(0.838670567945424,0.544639035015027,0.));
#3191=DIRECTION('',(0.,0.,1.));
#3192=DIRECTION('',(-0.838670567945424,-0.544639035015027,0.));
#3193=DIRECTION('',(0.,0.,1.));
#3194=DIRECTION('',(0.54463903501503,-0.838670567945424,0.));
#3195=DIRECTION('',(-0.544639035015027,0.838670567945424,0.));
#3196=DIRECTION('',(0.,0.,1.));
#3197=DIRECTION('',(0.838670567945424,0.54463903501503,0.));
#3198=DIRECTION('',(-0.838670567945424,-0.544639035015027,0.));
#3199=DIRECTION('',(0.,0.,1.));
#3200=DIRECTION('',(-0.54463903501503,0.838670567945424,0.));
#3201=DIRECTION('',(0.544639035015027,-0.838670567945424,0.));
#3202=DIRECTION('',(0.,0.,1.));
#3203=DIRECTION('',(-0.838670567945424,-0.54463903501503,0.));
#3204=DIRECTION('',(0.838670567945424,0.544639035015027,0.));
#3205=DIRECTION('',(0.,0.,-1.));
#3206=DIRECTION('',(0.838670567945424,0.544639035015027,0.));
#3207=DIRECTION('',(0.,0.,-1.));
#3208=DIRECTION('',(0.838670567945424,0.544639035015027,0.));
#3209=DIRECTION('',(0.,0.,-1.));
#3210=DIRECTION('',(0.838670567945424,0.544639035015027,0.));
#3211=DIRECTION('',(0.,0.,-1.));
#3212=DIRECTION('',(0.838670567945424,0.544639035015027,0.));
#3213=DIRECTION('',(0.,0.,-1.));
#3214=DIRECTION('',(0.838670567945424,0.544639035015027,0.));
#3215=DIRECTION('',(0.,0.,1.));
#3216=DIRECTION('',(-0.838670567945424,-0.544639035015027,0.));
#3217=DIRECTION('',(0.,0.,1.));
#3218=DIRECTION('',(-0.838670567945424,-0.544639035015027,0.));
#3219=DIRECTION('',(0.,0.,1.));
#3220=DIRECTION('',(-0.838670567945424,-0.544639035015027,0.));
#3221=DIRECTION('',(0.,0.,1.));
#3222=DIRECTION('',(-0.838670567945424,-0.544639035015027,0.));
#3223=DIRECTION('',(0.,0.,1.));
#3224=DIRECTION('',(-0.838670567945424,-0.544639035015027,0.));
#3225=DIRECTION('',(0.,0.,1.));
#3226=DIRECTION('',(-0.838670567945424,-0.544639035015027,0.));
#3227=DIRECTION('',(0.,0.,1.));
#3228=DIRECTION('',(0.,0.,1.));
#3229=DIRECTION('',(0.544639035015027,-0.838670567945424,0.));
#3230=DIRECTION('',(-0.838670567945424,-0.544639035015027,0.));
#3231=DIRECTION('',(0.,0.,1.));
#3232=DIRECTION('',(0.,0.,1.));
#3233=DIRECTION('',(0.838670567945424,0.54463903501503,0.));
#3234=DIRECTION('',(0.,0.,1.));
#3235=DIRECTION('',(-0.838670567945424,-0.544639035015027,0.));
#3236=DIRECTION('',(-0.544639035015027,0.838670567945424,0.));
#3237=DIRECTION('',(0.,0.,1.));
#3238=DIRECTION('',(0.,0.,1.));
#3239=DIRECTION('',(0.54463903501503,-0.838670567945424,0.));
#3240=DIRECTION('',(0.,0.,1.));
#3241=DIRECTION('',(-0.544639035015027,0.838670567945424,0.));
#3242=DIRECTION('',(0.838670567945424,0.544639035015027,0.));
#3243=DIRECTION('',(0.,0.,1.));
#3244=DIRECTION('',(0.,0.,1.));
#3245=DIRECTION('',(-0.838670567945424,-0.54463903501503,0.));
#3246=DIRECTION('',(0.,0.,1.));
#3247=DIRECTION('',(0.838670567945424,0.544639035015027,0.));
#3248=DIRECTION('',(0.544639035015027,-0.838670567945424,0.));
#3249=DIRECTION('',(0.,0.,1.));
#3250=DIRECTION('',(-0.54463903501503,0.838670567945424,0.));
#3251=DIRECTION('',(0.544639035015027,-0.838670567945424,-6.12323399573676E-17));
#3252=DIRECTION('',(0.,0.,1.));
#3253=DIRECTION('',(0.544639035015027,-0.838670567945424,0.));
#3254=DIRECTION('',(0.544639035015027,-0.838670567945424,-6.12323399573676E-17));
#3255=DIRECTION('',(0.,0.,1.));
#3256=DIRECTION('',(0.544639035015027,-0.838670567945424,0.));
#3257=DIRECTION('',(0.544639035015027,-0.838670567945424,-6.12323399573676E-17));
#3258=DIRECTION('',(0.,0.,-1.));
#3259=DIRECTION('',(-0.544639035015027,0.838670567945424,9.94249653881622E-17));
#3260=DIRECTION('',(0.54124694913619,0.351489878564028,0.763876040544415));
#3261=DIRECTION('',(0.640640352763286,0.416036709593209,-0.645362994509438));
#3262=DIRECTION('',(-0.168281092773585,-0.109283019438741,-0.979662541632209));
#3263=DIRECTION('',(-0.544639035015027,0.838670567945424,6.12323399573676E-17));
#3264=DIRECTION('',(0.838670567945425,0.544639035015027,-2.16840434497101E-15));
#3265=DIRECTION('',(3.62020270348226E-16,2.35098712455554E-16,-1.));
#3266=DIRECTION('',(2.1190645151028E-16,1.37613658658316E-16,-1.));
#3267=DIRECTION('',(-0.168281092773586,-0.109283019438741,-0.979662541632209));
#3268=DIRECTION('',(0.544639035015027,-0.838670567945424,-9.94249653881622E-17));
#3269=DIRECTION('',(-0.821614140185542,-0.533562461314935,0.200652197901545));
#3270=DIRECTION('',(0.640640352763286,0.41603670959321,-0.645362994509438));
#3271=DIRECTION('',(0.788092543968642,0.511793282195579,0.342020143325668));
#3272=DIRECTION('',(-0.544639035015027,0.838670567945424,6.12323399573676E-17));
#3273=DIRECTION('',(-1.36175792864179E-16,-1.53956708492942E-17,-1.));
#3274=DIRECTION('',(0.640640352763286,0.41603670959321,-0.645362994509438));
#3275=DIRECTION('',(0.544639035015027,-0.838670567945424,-9.94249653881622E-17));
#3276=DIRECTION('',(-0.821614140185542,-0.533562461314935,0.200652197901545));
#3277=DIRECTION('',(-0.168281092773585,-0.109283019438741,-0.979662541632209));
#3278=DIRECTION('',(2.1190645151028E-16,1.37613658658316E-16,-1.));
#3279=DIRECTION('',(-3.62020270348226E-16,-2.35098712455554E-16,1.));
#3280=DIRECTION('',(-0.544639035015027,0.838670567945424,6.12323399573676E-17));
#3281=DIRECTION('',(0.838670567945425,0.544639035015027,-2.16840434497101E-15));
#3282=DIRECTION('',(-0.168281092773585,-0.109283019438741,-0.979662541632209));
#3283=DIRECTION('',(0.640640352763286,0.41603670959321,-0.645362994509438));
#3284=DIRECTION('',(-0.544639035015027,0.838670567945424,9.94249653881622E-17));
#3285=DIRECTION('',(0.541246949136189,0.351489878564028,0.763876040544415));
#3286=DIRECTION('',(-0.788092543968642,-0.511793282195579,-0.342020143325668));
#3287=DIRECTION('',(0.544639035015027,-0.838670567945424,-6.12323399573676E-17));
#3288=DIRECTION('',(-1.36175792864179E-16,-1.53956708492942E-17,-1.));
#3289=DIRECTION('',(0.544639035015027,-0.838670567945424,0.));
#3290=DIRECTION('',(0.838670567945424,0.544639035015027,1.30204794381244E-16));
#3291=DIRECTION('',(-0.544639035015027,0.838670567945424,0.));
#3292=DIRECTION('',(-0.544639035015027,0.838670567945424,0.));
#3293=DIRECTION('',(-0.838670567945424,-0.544639035015027,-1.30204794381244E-16));
#3294=DIRECTION('',(0.544639035015027,-0.838670567945424,0.));
#3295=DIRECTION('',(-0.544639035015027,0.838670567945424,4.95129087074744E-17));
#3296=DIRECTION('',(-0.544639035015027,0.838670567945424,6.12323399573677E-17));
#3297=DIRECTION('',(-0.838670567945425,-0.544639035015027,2.16840434497101E-15));
#3298=DIRECTION('',(0.544639035015027,-0.838670567945424,0.));
#3299=DIRECTION('',(0.821614140185543,0.533562461314935,-0.200652197901544));
#3300=DIRECTION('',(-0.544639035015027,0.838670567945424,-2.98047177216265E-16));
#3301=DIRECTION('',(-0.544639035015026,0.838670567945425,2.1698207886043E-16));
#3302=DIRECTION('',(-0.821614140185543,-0.533562461314935,0.200652197901543));
#3303=DIRECTION('',(0.544639035015027,-0.838670567945424,2.98047177216265E-16));
#3304=DIRECTION('',(0.544639035015027,-0.838670567945424,2.98076681047677E-16));
#3305=DIRECTION('',(0.544639035015027,-0.838670567945424,-9.94249653881622E-17));
#3306=DIRECTION('',(0.821614140185542,0.533562461314935,-0.200652197901545));
#3307=DIRECTION('',(0.544639035015027,-0.838670567945424,0.));
#3308=DIRECTION('',(-0.50065767058078,-0.59515380831552,0.628596723930502));
#3309=DIRECTION('',(0.747335878447511,0.215302678684976,-0.628596723930502));
#3310=DIRECTION('',(0.54124694913619,0.351489878564028,0.763876040544414));
#3311=DIRECTION('',(-0.544639035015027,0.838670567945424,-2.97938756999017E-16));
#3312=DIRECTION('',(-0.544639035015027,0.838670567945424,0.));
#3313=DIRECTION('',(-0.54124694913619,-0.351489878564028,-0.763876040544414));
#3314=DIRECTION('',(0.544639035015027,-0.838670567945424,2.98155597433514E-16));
#3315=DIRECTION('',(-0.544639035015027,0.838670567945424,0.));
#3316=DIRECTION('',(-0.544639035015027,0.838670567945424,9.94249653881623E-17));
#3317=DIRECTION('',(-0.541246949136191,-0.351489878564028,-0.763876040544413));
#3318=DIRECTION('',(0.544639035015027,-0.838670567945424,0.));
#3319=DIRECTION('',(-0.136105360984115,-0.396994183765071,0.907673371190369));
#3320=DIRECTION('',(0.418031270920412,-0.0371336473373776,-0.907673371190369));
#3321=DIRECTION('',(0.788092543968642,0.511793282195579,0.342020143325668));
#3322=DIRECTION('',(-0.544639035015027,0.838670567945424,0.));
#3323=DIRECTION('',(0.136105360984115,0.396994183765071,-0.907673371190369));
#3324=DIRECTION('',(-0.544639035015027,0.838670567945424,0.));
#3325=DIRECTION('',(-0.418031270920412,0.0371336473373769,0.907673371190369));
#3326=DIRECTION('',(-0.788092543968642,-0.511793282195579,-0.342020143325668));
#3327=DIRECTION('',(0.544639035015027,-0.838670567945424,0.));
#3328=DIRECTION('',(0.788092543968641,0.511793282195578,0.342020143325671));
#3329=DIRECTION('',(-0.788092543968641,-0.511793282195578,-0.342020143325671));
#3330=DIRECTION('',(-0.286842227851715,-0.186277520816594,0.939692620785908));
#3331=DIRECTION('',(0.544639035015027,-0.838670567945424,1.56125112837913E-17));
#3332=DIRECTION('',(-0.600321141433831,0.761881391265191,0.243210346801693));
#3333=DIRECTION('',(-0.788092543968642,-0.511793282195579,-0.342020143325668));
#3334=DIRECTION('',(0.45184067841851,-0.858305731388822,0.243210346801695));
#3335=DIRECTION('',(0.788092543968642,0.511793282195579,0.342020143325668));
#3336=DIRECTION('',(0.,0.,1.));
#3337=DIRECTION('',(0.838670567945424,0.544639035015027,0.));
#3338=DIRECTION('',(0.,0.,1.));
#3339=DIRECTION('',(0.838670567945424,0.544639035015027,0.));
#3340=DIRECTION('',(0.,0.,-1.));
#3341=DIRECTION('',(0.838670567945424,0.544639035015027,2.756962737289E-15));
#3342=DIRECTION('',(0.,0.,1.));
#3343=DIRECTION('',(0.838670567945424,0.544639035015027,0.));
#3344=DIRECTION('',(0.,0.,1.));
#3345=DIRECTION('',(-0.838670567945424,-0.544639035015027,0.));
#3346=DIRECTION('',(0.,0.,1.));
#3347=DIRECTION('',(-0.838670567945424,-0.544639035015027,0.));
#3348=DIRECTION('',(0.,0.,1.));
#3349=DIRECTION('',(-0.838670567945424,-0.544639035015027,0.));
#3350=DIRECTION('',(0.,0.,-1.));
#3351=DIRECTION('',(1.,0.,0.));
#3352=DIRECTION('',(0.,0.,1.));
#3353=DIRECTION('',(-1.,0.,0.));
#3354=DIRECTION('',(0.,-1.,0.));
#3355=DIRECTION('',(0.,0.,-1.));
#3356=DIRECTION('',(0.,0.,-1.));
#3357=DIRECTION('',(0.,-1.,0.));
#3358=DIRECTION('',(0.,0.,1.));
#3359=DIRECTION('',(0.,1.,0.));
#3360=DIRECTION('',(-1.,0.,0.));
#3361=DIRECTION('',(0.,0.,1.));
#3362=DIRECTION('',(0.,0.,-1.));
#3363=DIRECTION('',(-1.,0.,0.));
#3364=DIRECTION('',(0.,0.,1.));
#3365=DIRECTION('',(1.,0.,0.));
#3366=DIRECTION('',(0.,1.,0.));
#3367=DIRECTION('',(0.,0.,1.));
#3368=DIRECTION('',(0.,0.,-1.));
#3369=DIRECTION('',(0.,1.,0.));
#3370=DIRECTION('',(0.,0.,1.));
#3371=DIRECTION('',(0.,-1.,0.));
#3372=DIRECTION('',(1.,0.,0.));
#3373=DIRECTION('',(0.,0.,-1.));
#3374=DIRECTION('',(-0.544639035015027,0.838670567945424,0.));
#3375=DIRECTION('',(0.,0.,-1.));
#3376=DIRECTION('',(1.,0.,0.));
#3377=DIRECTION('',(0.838670567945424,0.544639035015027,0.));
#3378=DIRECTION('',(0.,0.,1.));
#3379=DIRECTION('',(1.,0.,0.));
#3380=DIRECTION('',(0.,0.,1.));
#3381=DIRECTION('',(1.,0.,0.));
#3382=DIRECTION('',(0.,0.,1.));
#3383=DIRECTION('',(1.,0.,0.));
#3384=DIRECTION('',(0.,0.,1.));
#3385=DIRECTION('',(1.,0.,0.));
#3386=DIRECTION('',(0.838670567945424,0.544639035015027,0.));
#3387=DIRECTION('',(0.,0.,-1.));
#3388=DIRECTION('',(1.,0.,0.));
#3389=DIRECTION('',(0.544639035015027,-0.838670567945424,0.));
#3390=DIRECTION('',(0.,0.,-1.));
#3391=DIRECTION('',(1.,0.,0.));
#3392=DIRECTION('',(0.838670567945424,0.544639035015027,0.));
#3393=DIRECTION('',(0.,0.,1.));
#3394=DIRECTION('',(1.,0.,0.));
#3395=DIRECTION('',(0.,0.,1.));
#3396=DIRECTION('',(1.,0.,0.));
#3397=DIRECTION('',(0.,0.,1.));
#3398=DIRECTION('',(1.,0.,0.));
#3399=DIRECTION('',(0.,0.,1.));
#3400=DIRECTION('',(1.,0.,0.));
#3401=DIRECTION('',(0.838670567945424,0.544639035015027,0.));
#3402=DIRECTION('',(0.,0.,-1.));
#3403=DIRECTION('',(1.,0.,0.));
#3404=DIRECTION('',(0.,0.,1.));
#3405=DIRECTION('',(0.838670567945424,0.544639035015027,0.));
#3406=DIRECTION('',(0.,0.,1.));
#3407=DIRECTION('',(-1.,0.,0.));
#3408=DIRECTION('',(0.838670567945424,0.544639035015027,0.));
#3409=DIRECTION('',(0.,0.,-1.));
#3410=DIRECTION('',(-1.,0.,0.));
#3411=DIRECTION('',(0.,-1.,0.));
#3412=DIRECTION('',(0.,0.,-1.));
#3413=DIRECTION('',(-1.,0.,0.));
#3414=DIRECTION('',(-1.,0.,0.));
#3415=DIRECTION('',(0.,0.,-1.));
#3416=DIRECTION('',(-1.,0.,0.));
#3417=DIRECTION('',(0.,0.,-1.));
#3418=DIRECTION('',(-0.999999999999999,0.,0.));
#3419=DIRECTION('',(0.838670567945424,0.544639035015027,0.));
#3420=DIRECTION('',(0.,0.,1.));
#3421=DIRECTION('',(-1.,0.,0.));
#3422=DIRECTION('',(-0.544639035015027,0.838670567945424,0.));
#3423=DIRECTION('',(0.,0.,1.));
#3424=DIRECTION('',(-1.,0.,0.));
#3425=DIRECTION('',(-0.838670567945424,-0.544639035015027,0.));
#3426=DIRECTION('',(0.,0.,-1.));
#3427=DIRECTION('',(-1.,0.,0.));
#3428=DIRECTION('',(0.,1.,0.));
#3429=DIRECTION('',(0.,0.,-1.));
#3430=DIRECTION('',(-1.,0.,0.));
#3431=DIRECTION('',(1.,0.,0.));
#3432=DIRECTION('',(0.,0.,-1.));
#3433=DIRECTION('',(-1.,0.,0.));
#3434=DIRECTION('',(0.,0.,-1.));
#3435=DIRECTION('',(-1.,0.,0.));
#3436=DIRECTION('',(-0.838670567945424,-0.544639035015027,0.));
#3437=DIRECTION('',(0.,0.,1.));
#3438=DIRECTION('',(-1.,0.,0.));
#3439=DIRECTION('',(0.544639035015027,-0.838670567945424,0.));
#3440=DIRECTION('',(0.,0.,-1.));
#3441=DIRECTION('',(-1.,0.,0.));
#3442=DIRECTION('',(0.,0.,1.));
#3443=DIRECTION('',(-1.,0.,0.));
#3444=DIRECTION('',(0.,0.,-1.));
#3445=DIRECTION('',(-1.,0.,0.));
#3446=DIRECTION('',(0.,0.,-1.));
#3447=DIRECTION('',(0.,0.,1.));
#3448=DIRECTION('',(-1.,0.,0.));
#3449=DIRECTION('',(0.,0.,-1.));
#3450=DIRECTION('',(-1.,0.,0.));
#3451=DIRECTION('',(0.,0.,1.));
#3452=DIRECTION('',(-1.,0.,0.));
#3453=DIRECTION('',(0.,0.,-1.));
#3454=DIRECTION('',(-1.,0.,0.));
#3455=DIRECTION('',(0.,0.,-1.));
#3456=DIRECTION('',(0.,0.,1.));
#3457=DIRECTION('',(-1.,0.,0.));
#3458=DIRECTION('',(0.,0.,-1.));
#3459=DIRECTION('',(-1.,0.,0.));
#3460=DIRECTION('',(0.,0.,-1.));
#3461=DIRECTION('',(-0.838670567945424,-0.544639035015027,0.));
#3462=DIRECTION('',(0.,0.,1.));
#3463=DIRECTION('',(0.544639035015027,-0.838670567945424,0.));
#3464=DIRECTION('',(0.,0.,1.));
#3465=DIRECTION('',(0.,0.,-1.));
#3466=DIRECTION('',(0.838670567945424,0.544639035015027,0.));
#3467=DIRECTION('',(0.,0.,1.));
#3468=DIRECTION('',(0.544639035015027,-0.838670567945424,0.));
#3469=DIRECTION('',(0.,0.,1.));
#3470=DIRECTION('',(0.,0.,-1.));
#3471=DIRECTION('',(0.544639035015027,-0.838670567945424,0.));
#3472=DIRECTION('',(0.,0.,1.));
#3473=DIRECTION('',(-0.838670567945424,-0.544639035015027,0.));
#3474=DIRECTION('',(0.,0.,1.));
#3475=DIRECTION('',(0.,0.,-1.));
#3476=DIRECTION('',(-0.838670567945424,-0.544639035015027,0.));
#3477=DIRECTION('',(0.,0.,1.));
#3478=DIRECTION('',(0.544639035015027,-0.838670567945424,0.));
#3479=DIRECTION('',(0.,0.,1.));
#3480=DIRECTION('',(0.,0.,-1.));
#3481=DIRECTION('',(0.838670567945424,0.544639035015027,0.));
#3482=DIRECTION('',(0.,0.,1.));
#3483=DIRECTION('',(0.544639035015027,-0.838670567945424,0.));
#3484=DIRECTION('',(0.,0.,1.));
#3485=DIRECTION('',(0.,0.,-1.));
#3486=DIRECTION('',(-0.544639035015027,0.838670567945424,0.));
#3487=DIRECTION('',(0.,0.,1.));
#3488=DIRECTION('',(0.838670567945424,0.544639035015027,0.));
#3489=DIRECTION('',(0.,0.,-1.));
#3490=DIRECTION('',(0.,0.,1.));
#3491=DIRECTION('',(-1.,0.,0.));
#3492=DIRECTION('',(0.,0.,-1.));
#3493=DIRECTION('',(-1.,0.,0.));
#3494=DIRECTION('',(0.,0.,1.));
#3495=DIRECTION('',(-1.,0.,0.));
#3496=DIRECTION('',(0.,0.,-1.));
#3497=DIRECTION('',(-1.,0.,0.));
#3498=DIRECTION('',(0.,0.,1.));
#3499=DIRECTION('',(-1.,0.,0.));
#3500=DIRECTION('',(0.,0.,-1.));
#3501=DIRECTION('',(-1.,0.,0.));
#3502=DIRECTION('',(0.,0.,1.));
#3503=DIRECTION('',(-1.,0.,0.));
#3504=DIRECTION('',(0.,0.,1.));
#3505=DIRECTION('',(1.,0.,0.));
#3506=DIRECTION('',(0.,0.,-1.));
#3507=DIRECTION('',(-1.,0.,0.));
#3508=DIRECTION('',(0.,0.,-1.));
#3509=DIRECTION('',(-1.,0.,0.));
#3510=DIRECTION('',(0.,0.,-1.));
#3511=DIRECTION('',(-1.,0.,0.));
#3512=DIRECTION('',(0.,0.,1.));
#3513=DIRECTION('',(1.,0.,0.));
#3514=DIRECTION('',(0.,0.,-1.));
#3515=DIRECTION('',(-1.,0.,0.));
#3516=DIRECTION('',(0.,0.,1.));
#3517=DIRECTION('',(1.,0.,0.));
#3518=DIRECTION('',(0.,0.,-1.));
#3519=DIRECTION('',(-1.,0.,0.));
#3520=DIRECTION('',(0.,0.,-1.));
#3521=DIRECTION('',(-1.,0.,0.));
#3522=DIRECTION('',(-0.0996275340835204,-0.700053108308532,-0.707106781186547));
#3523=DIRECTION('',(-0.385117954958023,0.593029645775783,-0.707106781186547));
#3524=DIRECTION('',(0.,0.,1.));
#3525=DIRECTION('',(1.,0.,0.));
#3526=DIRECTION('',(0.385117954958023,-0.593029645775783,0.707106781186547));
#3527=DIRECTION('',(-0.385117954958023,0.593029645775782,0.707106781186548));
#3528=DIRECTION('',(0.838670567945424,0.544639035015027,0.));
#3529=DIRECTION('',(0.,-0.707106781186547,-0.707106781186547));
#3530=DIRECTION('',(0.,0.,1.));
#3531=DIRECTION('',(1.,0.,0.));
#3532=DIRECTION('',(0.593029645775783,0.385117954958023,0.707106781186547));
#3533=DIRECTION('',(0.,0.,-1.));
#3534=DIRECTION('',(-1.,0.,0.));
#3535=DIRECTION('',(0.,-0.707106781186547,-0.707106781186547));
#3536=DIRECTION('',(0.,-0.707106781186547,0.707106781186547));
#3537=DIRECTION('',(1.,0.,0.));
#3538=DIRECTION('',(0.593029645775783,0.385117954958023,0.707106781186548));
#3539=DIRECTION('',(-0.593029645775783,-0.385117954958023,0.707106781186547));
#3540=DIRECTION('',(-0.544639035015027,0.838670567945424,0.));
#3541=DIRECTION('',(0.707106781186547,0.,-0.707106781186547));
#3542=DIRECTION('',(0.,0.,1.));
#3543=DIRECTION('',(1.,0.,0.));
#3544=DIRECTION('',(0.385117954958023,-0.593029645775783,-0.707106781186548));
#3545=DIRECTION('',(0.,0.,-1.));
#3546=DIRECTION('',(-1.,0.,0.));
#3547=DIRECTION('',(0.707106781186547,0.,-0.707106781186547));
#3548=DIRECTION('',(0.707106781186547,0.,0.707106781186547));
#3549=DIRECTION('',(0.,1.,0.));
#3550=DIRECTION('',(0.385117954958023,-0.593029645775783,-0.707106781186547));
#3551=DIRECTION('',(-0.385117954958023,0.593029645775782,-0.707106781186548));
#3552=DIRECTION('',(-0.838670567945424,-0.544639035015027,0.));
#3553=DIRECTION('',(-0.385117954958022,0.593029645775783,-0.707106781186548));
#3554=DIRECTION('',(0.,0.,1.));
#3555=DIRECTION('',(1.,0.,0.));
#3556=DIRECTION('',(-0.707106781186548,0.,-0.707106781186547));
#3557=DIRECTION('',(0.,0.,1.));
#3558=DIRECTION('',(1.,0.,0.));
#3559=DIRECTION('',(0.385117954958022,-0.593029645775783,0.707106781186547));
#3560=DIRECTION('',(-0.385117954958023,0.593029645775783,0.707106781186547));
#3561=DIRECTION('',(0.838670567945424,0.544639035015027,0.));
#3562=DIRECTION('',(0.707106781186547,0.,0.707106781186547));
#3563=DIRECTION('',(-0.707106781186547,0.,0.707106781186547));
#3564=DIRECTION('',(0.,-1.,0.));
#3565=DIRECTION('',(0.593029645775783,0.385117954958023,-0.707106781186547));
#3566=DIRECTION('',(0.,0.,-1.));
#3567=DIRECTION('',(-1.,0.,0.));
#3568=DIRECTION('',(0.,-0.707106781186547,0.707106781186547));
#3569=DIRECTION('',(0.,0.,1.));
#3570=DIRECTION('',(1.,0.,0.));
#3571=DIRECTION('',(0.593029645775783,0.385117954958022,-0.707106781186548));
#3572=DIRECTION('',(0.593029645775783,0.385117954958023,0.707106781186547));
#3573=DIRECTION('',(-0.544639035015027,0.838670567945424,0.));
#3574=DIRECTION('',(0.,-0.707106781186547,0.707106781186547));
#3575=DIRECTION('',(0.,0.707106781186547,0.707106781186547));
#3576=DIRECTION('',(-1.,0.,0.));
#3577=DIRECTION('',(0.385117954958022,-0.593029645775783,-0.707106781186547));
#3578=DIRECTION('',(0.,0.,-1.));
#3579=DIRECTION('',(-1.,0.,0.));
#3580=DIRECTION('',(0.0996275340835185,0.700053108308532,-0.707106781186548));
#3581=DIRECTION('',(0.,0.,1.));
#3582=DIRECTION('',(1.,0.,0.));
#3583=DIRECTION('',(0.385117954958023,-0.593029645775782,-0.707106781186549));
#3584=DIRECTION('',(-0.385117954958023,0.593029645775783,-0.707106781186547));
#3585=DIRECTION('',(-0.838670567945424,-0.544639035015027,0.));
#3586=DIRECTION('',(0.,0.,1.));
#3587=DIRECTION('',(1.,0.,0.));
#3588=CARTESIAN_POINT('',(0.,0.,0.));
#3589=CARTESIAN_POINT('',(0.0843638909440415,1.24714984420669,0.9));
#3590=CARTESIAN_POINT('',(0.0843638909440415,1.24714984420669,0.9));
#3591=CARTESIAN_POINT('',(-0.623666854575493,2.33742158253575,0.9));
#3592=CARTESIAN_POINT('',(0.0843638909440415,1.24714984420669,1.2));
#3593=CARTESIAN_POINT('',(0.0843638909440415,1.24714984420669,1.2));
#3594=CARTESIAN_POINT('',(-0.0517958678097152,1.45681748619305,1.2));
#3595=CARTESIAN_POINT('',(-0.0517958678097152,1.45681748619305,1.2));
#3596=CARTESIAN_POINT('',(-0.0517958678097152,1.45681748619305,1.6));
#3597=CARTESIAN_POINT('',(-0.0517958678097152,1.45681748619305,1.6));
#3598=CARTESIAN_POINT('',(-0.623666854575493,2.33742158253575,1.6));
#3599=CARTESIAN_POINT('',(-0.623666854575493,2.33742158253575,1.6));
#3600=CARTESIAN_POINT('',(-0.623666854575493,2.33742158253575,1.6));
#3601=CARTESIAN_POINT('',(-0.623666854575493,2.33742158253575,1.2));
#3602=CARTESIAN_POINT('',(-0.623666854575493,2.33742158253575,0.9));
#3603=CARTESIAN_POINT('',(-1.88167270649363,1.52046303001321,0.9));
#3604=CARTESIAN_POINT('',(-1.88167270649363,1.52046303001321,1.6));
#3605=CARTESIAN_POINT('',(-1.88167270649363,1.52046303001321,1.6));
#3606=CARTESIAN_POINT('',(-1.88167270649363,1.52046303001321,1.6));
#3607=CARTESIAN_POINT('',(-1.88167270649363,1.52046303001321,1.2));
#3608=CARTESIAN_POINT('',(-1.88167270649363,1.52046303001321,0.9));
#3609=CARTESIAN_POINT('',(-1.17364196097409,0.430191291684154,0.9));
#3610=CARTESIAN_POINT('',(-1.30980171972785,0.63985893367051,1.6));
#3611=CARTESIAN_POINT('',(-1.30980171972785,0.63985893367051,1.6));
#3612=CARTESIAN_POINT('',(-1.30980171972785,0.63985893367051,1.6));
#3613=CARTESIAN_POINT('',(-1.30980171972785,0.63985893367051,1.2));
#3614=CARTESIAN_POINT('',(-1.17364196097409,0.430191291684154,1.2));
#3615=CARTESIAN_POINT('',(-1.17364196097409,0.430191291684154,1.2));
#3616=CARTESIAN_POINT('',(-1.17364196097409,0.430191291684154,1.2));
#3617=CARTESIAN_POINT('',(-1.17364196097409,0.430191291684154,1.2));
#3618=CARTESIAN_POINT('',(-0.0843638909440415,-1.24714984420669,0.9));
#3619=CARTESIAN_POINT('',(-0.0843638909440415,-1.24714984420669,0.9));
#3620=CARTESIAN_POINT('',(0.623666854575493,-2.33742158253575,0.9));
#3621=CARTESIAN_POINT('',(-0.0843638909440415,-1.24714984420669,1.2));
#3622=CARTESIAN_POINT('',(-0.0843638909440415,-1.24714984420669,1.2));
#3623=CARTESIAN_POINT('',(0.0517958678097152,-1.45681748619305,1.2));
#3624=CARTESIAN_POINT('',(0.0517958678097152,-1.45681748619305,1.2));
#3625=CARTESIAN_POINT('',(0.0517958678097152,-1.45681748619305,1.6));
#3626=CARTESIAN_POINT('',(0.0517958678097152,-1.45681748619305,1.6));
#3627=CARTESIAN_POINT('',(0.623666854575493,-2.33742158253575,1.6));
#3628=CARTESIAN_POINT('',(0.623666854575493,-2.33742158253575,1.6));
#3629=CARTESIAN_POINT('',(0.623666854575493,-2.33742158253575,1.6));
#3630=CARTESIAN_POINT('',(0.623666854575493,-2.33742158253575,1.2));
#3631=CARTESIAN_POINT('',(0.623666854575493,-2.33742158253575,0.9));
#3632=CARTESIAN_POINT('',(1.88167270649363,-1.52046303001321,0.9));
#3633=CARTESIAN_POINT('',(1.88167270649363,-1.52046303001321,1.6));
#3634=CARTESIAN_POINT('',(1.88167270649363,-1.52046303001321,1.6));
#3635=CARTESIAN_POINT('',(1.88167270649363,-1.52046303001321,1.6));
#3636=CARTESIAN_POINT('',(1.88167270649363,-1.52046303001321,1.2));
#3637=CARTESIAN_POINT('',(1.88167270649363,-1.52046303001321,0.9));
#3638=CARTESIAN_POINT('',(1.17364196097409,-0.430191291684154,0.9));
#3639=CARTESIAN_POINT('',(1.30980171972785,-0.63985893367051,1.6));
#3640=CARTESIAN_POINT('',(1.30980171972785,-0.63985893367051,1.6));
#3641=CARTESIAN_POINT('',(1.30980171972785,-0.63985893367051,1.6));
#3642=CARTESIAN_POINT('',(1.30980171972785,-0.63985893367051,1.2));
#3643=CARTESIAN_POINT('',(1.17364196097409,-0.430191291684154,1.2));
#3644=CARTESIAN_POINT('',(1.17364196097409,-0.430191291684154,1.2));
#3645=CARTESIAN_POINT('',(1.17364196097409,-0.430191291684154,1.2));
#3646=CARTESIAN_POINT('',(1.17364196097409,-0.430191291684154,1.2));
#3647=CARTESIAN_POINT('',(-0.0517958678097152,1.45681748619305,1.2));
#3648=CARTESIAN_POINT('',(0.0843638909440415,1.24714984420669,1.2));
#3649=CARTESIAN_POINT('',(1.97137266882125,2.4725876729905,1.2));
#3650=CARTESIAN_POINT('',(3.0606507388513,0.795246537099656,1.2));
#3651=CARTESIAN_POINT('',(3.0606507388513,0.795246537099656,1.2));
#3652=CARTESIAN_POINT('',(3.0606507388513,0.795246537099656,1.2));
#3653=CARTESIAN_POINT('',(0.0517958678097152,-1.45681748619305,1.2));
#3654=CARTESIAN_POINT('',(-0.0843638909440415,-1.24714984420669,1.2));
#3655=CARTESIAN_POINT('',(-1.97137266882125,-2.4725876729905,1.2));
#3656=CARTESIAN_POINT('',(-3.0606507388513,-0.795246537099656,1.2));
#3657=CARTESIAN_POINT('',(-3.0606507388513,-0.795246537099656,1.2));
#3658=CARTESIAN_POINT('',(-3.0606507388513,-0.795246537099656,1.2));
#3659=CARTESIAN_POINT('',(-1.03748220222034,0.220523649697798,1.2));
#3660=CARTESIAN_POINT('',(0.220523649697798,1.03748220222034,1.2));
#3661=CARTESIAN_POINT('',(-1.03748220222034,0.220523649697798,1.2));
#3662=CARTESIAN_POINT('',(-0.220523649697798,-1.03748220222034,1.2));
#3663=CARTESIAN_POINT('',(-0.220523649697798,-1.03748220222034,1.2));
#3664=CARTESIAN_POINT('',(1.03748220222034,-0.220523649697798,1.2));
#3665=CARTESIAN_POINT('',(1.03748220222034,-0.220523649697798,1.2));
#3666=CARTESIAN_POINT('',(0.220523649697798,1.03748220222034,1.2));
#3667=CARTESIAN_POINT('',(0.,0.,1.2));
#3668=CARTESIAN_POINT('',(0.0517958678097152,-1.45681748619305,1.6));
#3669=CARTESIAN_POINT('',(0.0517958678097152,-1.45681748619305,1.6));
#3670=CARTESIAN_POINT('',(-0.0517958678097152,1.45681748619305,1.6));
#3671=CARTESIAN_POINT('',(-0.0517958678097152,1.45681748619305,1.6));
#3672=CARTESIAN_POINT('',(-1.03748220222034,0.220523649697798,1.6));
#3673=CARTESIAN_POINT('',(-1.03748220222034,0.220523649697798,1.6));
#3674=CARTESIAN_POINT('',(-0.220523649697798,-1.03748220222034,1.6));
#3675=CARTESIAN_POINT('',(-0.220523649697798,-1.03748220222034,1.6));
#3676=CARTESIAN_POINT('',(-0.220523649697798,-1.03748220222034,1.6));
#3677=CARTESIAN_POINT('',(-0.220523649697798,-1.03748220222034,1.6));
#3678=CARTESIAN_POINT('',(1.03748220222034,-0.220523649697798,1.6));
#3679=CARTESIAN_POINT('',(1.03748220222034,-0.220523649697798,1.6));
#3680=CARTESIAN_POINT('',(1.03748220222034,-0.220523649697798,1.6));
#3681=CARTESIAN_POINT('',(1.03748220222034,-0.220523649697798,1.6));
#3682=CARTESIAN_POINT('',(0.220523649697798,1.03748220222034,1.6));
#3683=CARTESIAN_POINT('',(0.220523649697798,1.03748220222034,1.6));
#3684=CARTESIAN_POINT('',(0.220523649697798,1.03748220222034,1.6));
#3685=CARTESIAN_POINT('',(0.220523649697798,1.03748220222034,1.6));
#3686=CARTESIAN_POINT('',(-1.03748220222034,0.220523649697798,1.6));
#3687=CARTESIAN_POINT('',(-1.03748220222034,0.220523649697798,1.6));
#3688=CARTESIAN_POINT('',(1.97137266882125,2.4725876729905,0.9));
#3689=CARTESIAN_POINT('',(1.97137266882125,2.4725876729905,0.9));
#3690=CARTESIAN_POINT('',(-1.17364196097409,0.430191291684154,0.9));
#3691=CARTESIAN_POINT('',(-3.0606507388513,-0.795246537099656,0.9));
#3692=CARTESIAN_POINT('',(-4.09546490537985,0.79822754199665,0.9));
#3693=CARTESIAN_POINT('',(-4.09546490537985,0.79822754199665,0.9));
#3694=CARTESIAN_POINT('',(-4.01159784858531,0.852691445498153,0.9));
#3695=CARTESIAN_POINT('',(-4.06606175208681,0.936558502292696,0.9));
#3696=CARTESIAN_POINT('',(0.79822754199665,4.09546490537985,0.9));
#3697=CARTESIAN_POINT('',(0.79822754199665,4.09546490537985,0.9));
#3698=CARTESIAN_POINT('',(0.852691445498153,4.01159784858531,0.9));
#3699=CARTESIAN_POINT('',(0.936558502292696,4.06606175208681,0.9));
#3700=CARTESIAN_POINT('',(1.97137266882125,2.4725876729905,0.9));
#3701=CARTESIAN_POINT('',(0.,0.,0.9));
#3702=CARTESIAN_POINT('',(1.97137266882125,2.4725876729905,0.9));
#3703=CARTESIAN_POINT('',(0.0843638909440415,1.24714984420669,1.2));
#3704=CARTESIAN_POINT('',(0.,0.,1.6));
#3705=CARTESIAN_POINT('',(-3.0606507388513,-0.795246537099656,1.2));
#3706=CARTESIAN_POINT('',(-3.0606507388513,-0.795246537099656,1.2));
#3707=CARTESIAN_POINT('',(1.17364196097409,-0.430191291684154,0.9));
#3708=CARTESIAN_POINT('',(3.0606507388513,0.795246537099656,0.9));
#3709=CARTESIAN_POINT('',(4.09546490537985,-0.79822754199665,0.9));
#3710=CARTESIAN_POINT('',(4.09546490537985,-0.79822754199665,0.9));
#3711=CARTESIAN_POINT('',(4.01159784858531,-0.852691445498153,0.9));
#3712=CARTESIAN_POINT('',(4.06606175208681,-0.936558502292696,0.9));
#3713=CARTESIAN_POINT('',(-0.79822754199665,-4.09546490537985,0.9));
#3714=CARTESIAN_POINT('',(-0.79822754199665,-4.09546490537985,0.9));
#3715=CARTESIAN_POINT('',(-0.852691445498153,-4.01159784858531,0.9));
#3716=CARTESIAN_POINT('',(-0.936558502292696,-4.06606175208681,0.9));
#3717=CARTESIAN_POINT('',(-1.97137266882125,-2.4725876729905,0.9));
#3718=CARTESIAN_POINT('',(-1.97137266882125,-2.4725876729905,0.9));
#3719=CARTESIAN_POINT('',(-1.97137266882125,-2.4725876729905,0.9));
#3720=CARTESIAN_POINT('',(0.,0.,0.9));
#3721=CARTESIAN_POINT('',(-1.97137266882125,-2.4725876729905,0.9));
#3722=CARTESIAN_POINT('',(-0.0843638909440415,-1.24714984420669,1.2));
#3723=CARTESIAN_POINT('',(0.,0.,1.6));
#3724=CARTESIAN_POINT('',(3.0606507388513,0.795246537099656,1.2));
#3725=CARTESIAN_POINT('',(3.0606507388513,0.795246537099656,1.2));
#3726=CARTESIAN_POINT('',(0.936558502292696,4.06606175208681,0.));
#3727=CARTESIAN_POINT('',(0.936558502292696,4.06606175208681,3.2));
#3728=CARTESIAN_POINT('',(4.09546490537985,-0.79822754199665,3.2));
#3729=CARTESIAN_POINT('',(4.09546490537985,-0.79822754199665,3.2));
#3730=CARTESIAN_POINT('',(4.09546490537985,-0.79822754199665,0.));
#3731=CARTESIAN_POINT('',(4.09546490537985,-0.79822754199665,0.));
#3732=CARTESIAN_POINT('',(-0.936558502292696,-4.06606175208681,0.));
#3733=CARTESIAN_POINT('',(-0.936558502292696,-4.06606175208681,3.2));
#3734=CARTESIAN_POINT('',(-4.09546490537985,0.79822754199665,3.2));
#3735=CARTESIAN_POINT('',(-4.09546490537985,0.79822754199665,3.2));
#3736=CARTESIAN_POINT('',(-4.09546490537985,0.79822754199665,0.));
#3737=CARTESIAN_POINT('',(-4.09546490537985,0.79822754199665,0.));
#3738=CARTESIAN_POINT('',(0.,0.,1.6));
#3739=CARTESIAN_POINT('',(-4.01159784858531,0.852691445498153,3.2));
#3740=CARTESIAN_POINT('',(-4.06606175208681,0.936558502292696,3.2));
#3741=CARTESIAN_POINT('',(-4.06606175208681,0.936558502292696,0.));
#3742=CARTESIAN_POINT('',(-4.01159784858531,0.852691445498153,0.));
#3743=CARTESIAN_POINT('',(0.79822754199665,4.09546490537985,3.2));
#3744=CARTESIAN_POINT('',(0.79822754199665,4.09546490537985,3.2));
#3745=CARTESIAN_POINT('',(0.79822754199665,4.09546490537985,0.));
#3746=CARTESIAN_POINT('',(0.79822754199665,4.09546490537985,0.));
#3747=CARTESIAN_POINT('',(0.852691445498153,4.01159784858531,3.2));
#3748=CARTESIAN_POINT('',(0.852691445498153,4.01159784858531,0.));
#3749=CARTESIAN_POINT('',(4.01159784858531,-0.852691445498153,3.2));
#3750=CARTESIAN_POINT('',(4.06606175208681,-0.936558502292696,3.2));
#3751=CARTESIAN_POINT('',(4.06606175208681,-0.936558502292696,0.));
#3752=CARTESIAN_POINT('',(4.01159784858531,-0.852691445498153,0.));
#3753=CARTESIAN_POINT('',(-0.79822754199665,-4.09546490537985,3.2));
#3754=CARTESIAN_POINT('',(-0.79822754199665,-4.09546490537985,3.2));
#3755=CARTESIAN_POINT('',(-0.79822754199665,-4.09546490537985,0.));
#3756=CARTESIAN_POINT('',(-0.79822754199665,-4.09546490537985,0.));
#3757=CARTESIAN_POINT('',(-0.852691445498153,-4.01159784858531,3.2));
#3758=CARTESIAN_POINT('',(-0.852691445498153,-4.01159784858531,0.));
#3759=CARTESIAN_POINT('',(-2.97411564636497,0.632167795800355,3.2));
#3760=CARTESIAN_POINT('',(-2.6386474191868,0.850023409806365,3.2));
#3761=CARTESIAN_POINT('',(0.632167795800355,2.97411564636497,3.2));
#3762=CARTESIAN_POINT('',(0.967636022978524,3.19197126037098,3.2));
#3763=CARTESIAN_POINT('',(-0.632167795800355,-2.97411564636497,3.2));
#3764=CARTESIAN_POINT('',(-0.296699568622185,-2.75626003235896,3.2));
#3765=CARTESIAN_POINT('',(2.97411564636497,-0.632167795800355,3.2));
#3766=CARTESIAN_POINT('',(3.30958387354314,-0.414312181794344,3.2));
#3767=CARTESIAN_POINT('',(0.,0.,3.2));
#3768=CARTESIAN_POINT('',(-2.97411564636497,0.632167795800355,3.5));
#3769=CARTESIAN_POINT('',(-2.6386474191868,0.850023409806365,3.5));
#3770=CARTESIAN_POINT('',(-2.97411564636497,0.632167795800355,3.2));
#3771=CARTESIAN_POINT('',(0.632167795800355,2.97411564636497,3.5));
#3772=CARTESIAN_POINT('',(0.967636022978524,3.19197126037098,3.5));
#3773=CARTESIAN_POINT('',(0.632167795800355,2.97411564636497,3.2));
#3774=CARTESIAN_POINT('',(-0.632167795800355,-2.97411564636497,3.5));
#3775=CARTESIAN_POINT('',(-0.296699568622185,-2.75626003235896,3.5));
#3776=CARTESIAN_POINT('',(-0.632167795800355,-2.97411564636497,3.2));
#3777=CARTESIAN_POINT('',(2.97411564636497,-0.632167795800355,3.5));
#3778=CARTESIAN_POINT('',(3.30958387354314,-0.414312181794344,3.5));
#3779=CARTESIAN_POINT('',(2.97411564636497,-0.632167795800355,3.2));
#3780=CARTESIAN_POINT('',(-2.97411564636497,0.632167795800355,3.5));
#3781=CARTESIAN_POINT('',(-2.55478036239226,0.904487313307868,3.5));
#3782=CARTESIAN_POINT('',(0.,0.,3.5));
#3783=CARTESIAN_POINT('',(0.632167795800355,2.97411564636497,3.5));
#3784=CARTESIAN_POINT('',(1.05150307977307,3.24643516387248,3.5));
#3785=CARTESIAN_POINT('',(0.,0.,3.5));
#3786=CARTESIAN_POINT('',(-0.632167795800355,-2.97411564636497,3.5));
#3787=CARTESIAN_POINT('',(-0.212832511827643,-2.70179612885746,3.5));
#3788=CARTESIAN_POINT('',(0.,0.,3.5));
#3789=CARTESIAN_POINT('',(2.97411564636497,-0.632167795800355,3.5));
#3790=CARTESIAN_POINT('',(3.39345093033768,-0.359848278292841,3.5));
#3791=CARTESIAN_POINT('',(0.,0.,3.5));
#3792=CARTESIAN_POINT('',(-2.55414663045077,0.904898863642727,3.5010000352255));
#3793=CARTESIAN_POINT('',(-2.6486815213417,1.0504698299837,3.5010000352255));
#3794=CARTESIAN_POINT('',(-3.00536507338461,1.23276210753366,3.5010000352255));
#3795=CARTESIAN_POINT('',(-3.50998581620779,0.905057565459331,3.5010000352255));
#3796=CARTESIAN_POINT('',(-3.4782822883576,0.304758150253447,3.5010000352255));
#3797=CARTESIAN_POINT('',(-2.94277647086221,0.0316317674134686,3.5010000352255));
#3798=CARTESIAN_POINT('',(-2.43815572803903,0.359336309487794,3.5010000352255));
#3799=CARTESIAN_POINT('',(-2.45961173955984,0.75932789730175,3.5010000352255));
#3800=CARTESIAN_POINT('',(-2.55414663045077,0.904898863642727,3.5010000352255));
#3801=CARTESIAN_POINT('',(-2.55478036239226,0.904487313307868,3.501));
#3802=CARTESIAN_POINT('',(-2.97411564636497,0.632167795800355,3.5));
#3803=CARTESIAN_POINT('',(1.05213681171455,3.24684671420734,3.5010000352255));
#3804=CARTESIAN_POINT('',(0.957601920823623,3.39241768054832,3.5010000352255));
#3805=CARTESIAN_POINT('',(0.600918368780704,3.57470995809827,3.5010000352255));
#3806=CARTESIAN_POINT('',(0.096297625957538,3.24700541602395,3.5010000352255));
#3807=CARTESIAN_POINT('',(0.12800115380772,2.64670600081806,3.5010000352255));
#3808=CARTESIAN_POINT('',(0.663506971303116,2.37357961797808,3.5010000352255));
#3809=CARTESIAN_POINT('',(1.16812771412629,2.70128416005241,3.5010000352255));
#3810=CARTESIAN_POINT('',(1.14667170260548,3.10127574786637,3.5010000352255));
#3811=CARTESIAN_POINT('',(1.05213681171455,3.24684671420734,3.5010000352255));
#3812=CARTESIAN_POINT('',(1.05150307977307,3.24643516387248,3.501));
#3813=CARTESIAN_POINT('',(0.632167795800355,2.97411564636497,3.5));
#3814=CARTESIAN_POINT('',(-0.212198779886154,-2.7013845785226,3.5010000352255));
#3815=CARTESIAN_POINT('',(-0.306733670777087,-2.55581361218162,3.5010000352255));
#3816=CARTESIAN_POINT('',(-0.663417222820002,-2.37352133463166,3.5010000352255));
#3817=CARTESIAN_POINT('',(-1.16803796564317,-2.70122587670599,3.5010000352255));
#3818=CARTESIAN_POINT('',(-1.13633443779299,-3.30152529191188,3.5010000352255));
#3819=CARTESIAN_POINT('',(-0.600828620297587,-3.57465167475186,3.5010000352255));
#3820=CARTESIAN_POINT('',(-0.0962078774744187,-3.24694713267753,3.5010000352255));
#3821=CARTESIAN_POINT('',(-0.117663888995222,-2.84695554486358,3.5010000352255));
#3822=CARTESIAN_POINT('',(-0.212198779886154,-2.7013845785226,3.5010000352255));
#3823=CARTESIAN_POINT('',(-0.212832511827643,-2.70179612885746,3.501));
#3824=CARTESIAN_POINT('',(-0.632167795800355,-2.97411564636497,3.5));
#3825=CARTESIAN_POINT('',(3.39408466227917,-0.359436727957987,3.5010000352255));
#3826=CARTESIAN_POINT('',(3.29954977138824,-0.213865761617006,3.5010000352255));
#3827=CARTESIAN_POINT('',(2.94286621934531,-0.0315734840670503,3.5010000352255));
#3828=CARTESIAN_POINT('',(2.43824547652215,-0.359278026141378,3.5010000352255));
#3829=CARTESIAN_POINT('',(2.46994900437234,-0.959577441347262,3.5010000352255));
#3830=CARTESIAN_POINT('',(3.00545482186774,-1.23270382418725,3.5010000352255));
#3831=CARTESIAN_POINT('',(3.51007556469091,-0.904999282112915,3.5010000352255));
#3832=CARTESIAN_POINT('',(3.4886195531701,-0.505007694298968,3.5010000352255));
#3833=CARTESIAN_POINT('',(3.39408466227917,-0.359436727957987,3.5010000352255));
#3834=CARTESIAN_POINT('',(3.39345093033768,-0.359848278292841,3.501));
#3835=CARTESIAN_POINT('',(2.97411564636497,-0.632167795800355,3.5));
#3836=CARTESIAN_POINT('',(-2.97411564636497,0.632167795800355,3.9));
#3837=CARTESIAN_POINT('',(-2.97327697579702,0.63271243483537,3.9));
#3838=CARTESIAN_POINT('',(-2.45961173955549,0.759327897302824,3.501));
#3839=CARTESIAN_POINT('',(-2.45961380823608,0.759327386026554,3.51776800666621));
#3840=CARTESIAN_POINT('',(-2.46278571443887,0.758543446566888,3.55791741536813));
#3841=CARTESIAN_POINT('',(-2.48113148144668,0.754009273815275,3.62315350935654));
#3842=CARTESIAN_POINT('',(-2.51953654166429,0.744517428776115,3.69333362929367));
#3843=CARTESIAN_POINT('',(-2.57621630958178,0.730508973356953,3.75824346507025));
#3844=CARTESIAN_POINT('',(-2.64885942276747,0.712555162853495,3.81373050984669));
#3845=CARTESIAN_POINT('',(-2.73320011477946,0.691710285263471,3.85659157119389));
#3846=CARTESIAN_POINT('',(-2.82383737035955,0.669309206346615,3.88517775969565));
#3847=CARTESIAN_POINT('',(-2.90503415438502,0.649241348432022,3.89792823579005));
#3848=CARTESIAN_POINT('',(-2.95399722461634,0.637140081759254,3.89999865027601));
#3849=CARTESIAN_POINT('',(-2.97308663855135,0.632422116003359,3.9));
#3850=CARTESIAN_POINT('',(-2.64868152133895,1.05046982998724,3.501));
#3851=CARTESIAN_POINT('',(-2.64868282982126,1.05046814810827,3.51776800666621));
#3852=CARTESIAN_POINT('',(-2.65068912463478,1.04788932450885,3.55791741536813));
#3853=CARTESIAN_POINT('',(-2.66229319324359,1.032973846596,3.62315350935654));
#3854=CARTESIAN_POINT('',(-2.6865851704338,1.00174975947155,3.69333362929368));
#3855=CARTESIAN_POINT('',(-2.72243626978363,0.955667967082146,3.75824346507025));
#3856=CARTESIAN_POINT('',(-2.76838450781617,0.896607653616949,3.81373050984669));
#3857=CARTESIAN_POINT('',(-2.82173170099729,0.828036973071248,3.85659157119389));
#3858=CARTESIAN_POINT('',(-2.87906159796033,0.754347059582785,3.88517775969566));
#3859=CARTESIAN_POINT('',(-2.9304202057659,0.688332439523027,3.89792823579005));
#3860=CARTESIAN_POINT('',(-2.9613903377871,0.648524477704423,3.89999865027601));
#3861=CARTESIAN_POINT('',(-2.97346477811492,0.633004399868731,3.9));
#3862=CARTESIAN_POINT('',(-3.00536507338488,1.23276210753873,3.501));
#3863=CARTESIAN_POINT('',(-3.00536494773942,1.23275969271199,3.5177680066662));
#3864=CARTESIAN_POINT('',(-3.00517229565245,1.22905704090013,3.55791741536813));
#3865=CARTESIAN_POINT('',(-3.00405802868645,1.20764153138981,3.62315350935653));
#3866=CARTESIAN_POINT('',(-3.00172542030276,1.16281026693606,3.69333362929367));
#3867=CARTESIAN_POINT('',(-2.9982828608827,1.09664644242206,3.75824346507025));
#3868=CARTESIAN_POINT('',(-2.99387073566082,1.01184817366482,3.81373050984669));
#3869=CARTESIAN_POINT('',(-2.98874813452026,0.913395005088128,3.85659157119388));
#3870=CARTESIAN_POINT('',(-2.98324309895874,0.807591687732306,3.88517775969566));
#3871=CARTESIAN_POINT('',(-2.97831144937731,0.712808487893137,3.89792823579004));
#3872=CARTESIAN_POINT('',(-2.97533757907309,0.655652573084761,3.89999865027601));
#3873=CARTESIAN_POINT('',(-2.97417814521901,0.633368984423829,3.9));
#3874=CARTESIAN_POINT('',(-3.50998581621232,0.905057565461637,3.501));
#3875=CARTESIAN_POINT('',(-3.50998366162377,0.905056468245924,3.51776800666622));
#3876=CARTESIAN_POINT('',(-3.50668003284054,0.903374108322885,3.55791741536812));
#3877=CARTESIAN_POINT('',(-3.48757240478885,0.893643624128763,3.62315350935654));
#3878=CARTESIAN_POINT('',(-3.44757246335123,0.873273811775732,3.69333362929368));
#3879=CARTESIAN_POINT('',(-3.38853890411315,0.843211204657008,3.75824346507025));
#3880=CARTESIAN_POINT('',(-3.3128790755174,0.804681735468624,3.8137305098467));
#3881=CARTESIAN_POINT('',(-3.22503589229694,0.759947941008349,3.85659157119388));
#3882=CARTESIAN_POINT('',(-3.13063466249212,0.711874487200462,3.88517775969566));
#3883=CARTESIAN_POINT('',(-3.04606594713171,0.668808202578161,3.89792823579004));
#3884=CARTESIAN_POINT('',(-2.99506954377335,0.642838485379718,3.89999865027601));
#3885=CARTESIAN_POINT('',(-2.97518738670466,0.632713575339676,3.9));
#3886=CARTESIAN_POINT('',(-3.47828228836186,0.30475815025068,3.501));
#3887=CARTESIAN_POINT('',(-3.47828026124461,0.304759466676015,3.51776800666621));
#3888=CARTESIAN_POINT('',(-3.47517208407079,0.306777940533701,3.55791741536813));
#3889=CARTESIAN_POINT('',(-3.45719491494773,0.318452450666411,3.62315350935654));
#3890=CARTESIAN_POINT('',(-3.41956147817625,0.342891890263931,3.69333362929367));
#3891=CARTESIAN_POINT('',(-3.3640205038864,0.378960620701346,3.75824346507025));
#3892=CARTESIAN_POINT('',(-3.29283691527939,0.425187783653784,3.81373050984669));
#3893=CARTESIAN_POINT('',(-3.21019077224218,0.478858816490637,3.85659157119388));
#3894=CARTESIAN_POINT('',(-3.12137457438472,0.536536729778204,3.88517775969566));
#3895=CARTESIAN_POINT('',(-3.04180917283719,0.58820710569898,3.89792823579005));
#3896=CARTESIAN_POINT('',(-2.99382985455861,0.619365239305529,3.89999865027601));
#3897=CARTESIAN_POINT('',(-2.97512397964896,0.631512976509255,3.9));
#3898=CARTESIAN_POINT('',(-2.94277647086194,0.0316317674083938,3.501));
#3899=CARTESIAN_POINT('',(-2.94277659686827,0.0316341820007925,3.51776800666621));
#3900=CARTESIAN_POINT('',(-2.94296980225281,0.0353364744969968,3.55791741536813));
#3901=CARTESIAN_POINT('',(-2.94408726939813,0.0567499057865671,3.62315350935654));
#3902=CARTESIAN_POINT('',(-2.94642657704271,0.101576819689438,3.69333362929368));
#3903=CARTESIAN_POINT('',(-2.9498790235076,0.167734223481427,3.75824346507025));
#3904=CARTESIAN_POINT('',(-2.9543038203713,0.252524263178278,3.8137305098467));
#3905=CARTESIAN_POINT('',(-2.95944113364342,0.350967877584999,3.85659157119389));
#3906=CARTESIAN_POINT('',(-2.96496197968977,0.456760927491951,3.88517775969567));
#3907=CARTESIAN_POINT('',(-2.96990779298908,0.551534929305148,3.89792823579004));
#3908=CARTESIAN_POINT('',(-2.97289020426107,0.608685297544211,3.89999865027601));
#3909=CARTESIAN_POINT('',(-2.97405296801396,0.630966723743569,3.9));
#3910=CARTESIAN_POINT('',(-2.43815572803451,0.359336309485489,3.501));
#3911=CARTESIAN_POINT('',(-2.4381578829839,0.35933740646686,3.51776800666621));
#3912=CARTESIAN_POINT('',(-2.44146206506472,0.361019407074246,3.55791741536813));
#3913=CARTESIAN_POINT('',(-2.46057289329574,0.370747813047613,3.62315350935654));
#3914=CARTESIAN_POINT('',(-2.50057953399424,0.391113274849761,3.69333362929367));
#3915=CARTESIAN_POINT('',(-2.55962298027715,0.421169461246485,3.75824346507025));
#3916=CARTESIAN_POINT('',(-2.63529548051472,0.459690701374464,3.81373050984668));
#3917=CARTESIAN_POINT('',(-2.72315337586674,0.504414941664787,3.85659157119389));
#3918=CARTESIAN_POINT('',(-2.81757041615638,0.552478128023787,3.88517775969565));
#3919=CARTESIAN_POINT('',(-2.90215329523469,0.595535214620132,3.89792823579005));
#3920=CARTESIAN_POINT('',(-2.95315823956081,0.621499385249254,3.899998650276));
#3921=CARTESIAN_POINT('',(-2.97304372652831,0.63162213282773,3.9));
#3922=CARTESIAN_POINT('',(-2.45961173955549,0.759327897302824,3.501));
#3923=CARTESIAN_POINT('',(-2.45961380823608,0.759327386026554,3.51776800666621));
#3924=CARTESIAN_POINT('',(-2.46278571443887,0.758543446566888,3.55791741536813));
#3925=CARTESIAN_POINT('',(-2.48113148144668,0.754009273815275,3.62315350935654));
#3926=CARTESIAN_POINT('',(-2.51953654166429,0.744517428776115,3.69333362929367));
#3927=CARTESIAN_POINT('',(-2.57621630958178,0.730508973356953,3.75824346507025));
#3928=CARTESIAN_POINT('',(-2.64885942276747,0.712555162853495,3.81373050984669));
#3929=CARTESIAN_POINT('',(-2.73320011477946,0.691710285263471,3.85659157119389));
#3930=CARTESIAN_POINT('',(-2.82383737035955,0.669309206346615,3.88517775969565));
#3931=CARTESIAN_POINT('',(-2.90503415438502,0.649241348432022,3.89792823579005));
#3932=CARTESIAN_POINT('',(-2.95399722461634,0.637140081759254,3.89999865027601));
#3933=CARTESIAN_POINT('',(-2.97308663855135,0.632422116003359,3.9));
#3934=CARTESIAN_POINT('',(-2.64868152133895,1.05046982998724,3.501));
#3935=CARTESIAN_POINT('',(-2.64868282982126,1.05046814810827,3.51776800666621));
#3936=CARTESIAN_POINT('',(-2.65068912463478,1.04788932450885,3.55791741536813));
#3937=CARTESIAN_POINT('',(-2.66229319324359,1.032973846596,3.62315350935654));
#3938=CARTESIAN_POINT('',(-2.6865851704338,1.00174975947155,3.69333362929368));
#3939=CARTESIAN_POINT('',(-2.72243626978363,0.955667967082146,3.75824346507025));
#3940=CARTESIAN_POINT('',(-2.76838450781617,0.896607653616949,3.81373050984669));
#3941=CARTESIAN_POINT('',(-2.82173170099729,0.828036973071248,3.85659157119389));
#3942=CARTESIAN_POINT('',(-2.87906159796033,0.754347059582785,3.88517775969566));
#3943=CARTESIAN_POINT('',(-2.9304202057659,0.688332439523027,3.89792823579005));
#3944=CARTESIAN_POINT('',(-2.9613903377871,0.648524477704423,3.89999865027601));
#3945=CARTESIAN_POINT('',(-2.97346477811492,0.633004399868731,3.9));
#3946=CARTESIAN_POINT('',(0.632167795800355,2.97411564636497,3.9));
#3947=CARTESIAN_POINT('',(0.6330064663683,2.97466028539998,3.9));
#3948=CARTESIAN_POINT('',(1.14667170260983,3.10127574786744,3.501));
#3949=CARTESIAN_POINT('',(1.14666963392924,3.10127523659117,3.51776800666621));
#3950=CARTESIAN_POINT('',(1.14349772772646,3.1004912971315,3.55791741536813));
#3951=CARTESIAN_POINT('',(1.12515196071864,3.09595712437989,3.62315350935654));
#3952=CARTESIAN_POINT('',(1.08674690050103,3.08646527934073,3.69333362929367));
#3953=CARTESIAN_POINT('',(1.03006713258353,3.07245682392156,3.75824346507025));
#3954=CARTESIAN_POINT('',(0.957424019397854,3.05450301341811,3.81373050984669));
#3955=CARTESIAN_POINT('',(0.873083327385868,3.03365813582809,3.85659157119389));
#3956=CARTESIAN_POINT('',(0.782446071805779,3.01125705691123,3.88517775969565));
#3957=CARTESIAN_POINT('',(0.701249287780303,2.99118919899664,3.89792823579005));
#3958=CARTESIAN_POINT('',(0.652286217548981,2.97908793232387,3.89999865027601));
#3959=CARTESIAN_POINT('',(0.633196803613977,2.97436996656797,3.9));
#3960=CARTESIAN_POINT('',(0.957601920826373,3.39241768055185,3.501));
#3961=CARTESIAN_POINT('',(0.957600612344065,3.39241599867288,3.51776800666621));
#3962=CARTESIAN_POINT('',(0.95559431753055,3.38983717507346,3.55791741536813));
#3963=CARTESIAN_POINT('',(0.943990248921737,3.37492169716062,3.62315350935654));
#3964=CARTESIAN_POINT('',(0.919698271731525,3.34369761003616,3.69333362929368));
#3965=CARTESIAN_POINT('',(0.883847172381682,3.29761581764676,3.75824346507025));
#3966=CARTESIAN_POINT('',(0.837898934349153,3.23855550418156,3.81373050984669));
#3967=CARTESIAN_POINT('',(0.784551741168031,3.16998482363586,3.85659157119389));
#3968=CARTESIAN_POINT('',(0.727221844204994,3.0962949101474,3.88517775969566));
#3969=CARTESIAN_POINT('',(0.675863236399429,3.03028029008764,3.89792823579005));
#3970=CARTESIAN_POINT('',(0.644893104378221,2.99047232826904,3.89999865027601));
#3971=CARTESIAN_POINT('',(0.632818664050408,2.97495225043335,3.9));
#3972=CARTESIAN_POINT('',(0.60091836878044,3.57470995810334,3.501));
#3973=CARTESIAN_POINT('',(0.600918494425908,3.5747075432766,3.5177680066662));
#3974=CARTESIAN_POINT('',(0.601111146512868,3.57100489146474,3.55791741536813));
#3975=CARTESIAN_POINT('',(0.602225413478878,3.54958938195442,3.62315350935653));
#3976=CARTESIAN_POINT('',(0.604558021862556,3.50475811750067,3.69333362929367));
#3977=CARTESIAN_POINT('',(0.608000581282624,3.43859429298668,3.75824346507025));
#3978=CARTESIAN_POINT('',(0.612412706504506,3.35379602422943,3.81373050984669));
#3979=CARTESIAN_POINT('',(0.617535307645056,3.25534285565274,3.85659157119388));
#3980=CARTESIAN_POINT('',(0.623040343206589,3.14953953829692,3.88517775969566));
#3981=CARTESIAN_POINT('',(0.627971992788014,3.05475633845775,3.89792823579004));
#3982=CARTESIAN_POINT('',(0.630945863092224,2.99760042364937,3.89999865027601));
#3983=CARTESIAN_POINT('',(0.632105296946319,2.97531683498844,3.9));
#3984=CARTESIAN_POINT('',(0.0962976259530097,3.24700541602625,3.501));
#3985=CARTESIAN_POINT('',(0.0962997805415528,3.24700431881054,3.51776800666622));
#3986=CARTESIAN_POINT('',(0.0996034093247741,3.24532195888749,3.55791741536812));
#3987=CARTESIAN_POINT('',(0.118711037376487,3.23559147469338,3.62315350935654));
#3988=CARTESIAN_POINT('',(0.158710978814097,3.21522166234035,3.69333362929368));
#3989=CARTESIAN_POINT('',(0.217744538052174,3.18515905522162,3.75824346507025));
#3990=CARTESIAN_POINT('',(0.293404366647935,3.14662958603324,3.8137305098467));
#3991=CARTESIAN_POINT('',(0.381247549868383,3.10189579157296,3.85659157119388));
#3992=CARTESIAN_POINT('',(0.475648779673206,3.05382233776508,3.88517775969566));
#3993=CARTESIAN_POINT('',(0.560217495033611,3.01075605314277,3.89792823579004));
#3994=CARTESIAN_POINT('',(0.611213898391971,2.98478633594433,3.89999865027601));
#3995=CARTESIAN_POINT('',(0.631096055460658,2.97466142590429,3.9));
#3996=CARTESIAN_POINT('',(0.12800115380346,2.6467060008153,3.501));
#3997=CARTESIAN_POINT('',(0.128003180920719,2.64670731724064,3.51776800666621));
#3998=CARTESIAN_POINT('',(0.131111358094527,2.64872579109831,3.55791741536813));
#3999=CARTESIAN_POINT('',(0.149088527217595,2.66040030123103,3.62315350935654));
#4000=CARTESIAN_POINT('',(0.186721963989088,2.68483974082855,3.69333362929367));
#4001=CARTESIAN_POINT('',(0.242262938278927,2.72090847126596,3.75824346507025));
#4002=CARTESIAN_POINT('',(0.313446526885934,2.7671356342184,3.81373050984669));
#4003=CARTESIAN_POINT('',(0.396092669923137,2.82080666705525,3.85659157119388));
#4004=CARTESIAN_POINT('',(0.484908867780606,2.87848458034282,3.88517775969566));
#4005=CARTESIAN_POINT('',(0.564474269328138,2.9301549562636,3.89792823579005));
#4006=CARTESIAN_POINT('',(0.612453587606717,2.96131308987014,3.89999865027601));
#4007=CARTESIAN_POINT('',(0.63115946251636,2.97346082707387,3.9));
#4008=CARTESIAN_POINT('',(0.663506971303381,2.37357961797301,3.501));
#4009=CARTESIAN_POINT('',(0.663506845297067,2.37358203256541,3.51776800666621));
#4010=CARTESIAN_POINT('',(0.663313639912505,2.37728432506161,3.55791741536813));
#4011=CARTESIAN_POINT('',(0.662196172767198,2.39869775635118,3.62315350935654));
#4012=CARTESIAN_POINT('',(0.659856865122616,2.44352467025405,3.69333362929368));
#4013=CARTESIAN_POINT('',(0.656404418657728,2.50968207404604,3.75824346507025));
#4014=CARTESIAN_POINT('',(0.651979621794029,2.5944721137429,3.8137305098467));
#4015=CARTESIAN_POINT('',(0.646842308521906,2.69291572814961,3.85659157119389));
#4016=CARTESIAN_POINT('',(0.641321462475559,2.79870877805657,3.88517775969567));
#4017=CARTESIAN_POINT('',(0.636375649176232,2.89348277986976,3.89792823579004));
#4018=CARTESIAN_POINT('',(0.63339323790425,2.95063314810883,3.89999865027601));
#4019=CARTESIAN_POINT('',(0.632230474151367,2.97291457430818,3.9));
#4020=CARTESIAN_POINT('',(1.16812771413082,2.7012841600501,3.501));
#4021=CARTESIAN_POINT('',(1.16812555918142,2.70128525703147,3.51776800666621));
#4022=CARTESIAN_POINT('',(1.1648213771006,2.70296725763886,3.55791741536813));
#4023=CARTESIAN_POINT('',(1.14571054886959,2.71269566361223,3.62315350935654));
#4024=CARTESIAN_POINT('',(1.10570390817108,2.73306112541437,3.69333362929367));
#4025=CARTESIAN_POINT('',(1.04666046188818,2.7631173118111,3.75824346507025));
#4026=CARTESIAN_POINT('',(0.970987961650606,2.80163855193908,3.81373050984668));
#4027=CARTESIAN_POINT('',(0.883130066298573,2.8463627922294,3.85659157119389));
#4028=CARTESIAN_POINT('',(0.788713026008948,2.8944259785884,3.88517775969565));
#4029=CARTESIAN_POINT('',(0.70413014693063,2.93748306518475,3.89792823579005));
#4030=CARTESIAN_POINT('',(0.653125202604512,2.96344723581387,3.899998650276));
#4031=CARTESIAN_POINT('',(0.633239715637015,2.97356998339235,3.9));
#4032=CARTESIAN_POINT('',(1.14667170260983,3.10127574786744,3.501));
#4033=CARTESIAN_POINT('',(1.14666963392924,3.10127523659117,3.51776800666621));
#4034=CARTESIAN_POINT('',(1.14349772772646,3.1004912971315,3.55791741536813));
#4035=CARTESIAN_POINT('',(1.12515196071864,3.09595712437989,3.62315350935654));
#4036=CARTESIAN_POINT('',(1.08674690050103,3.08646527934073,3.69333362929367));
#4037=CARTESIAN_POINT('',(1.03006713258353,3.07245682392156,3.75824346507025));
#4038=CARTESIAN_POINT('',(0.957424019397854,3.05450301341811,3.81373050984669));
#4039=CARTESIAN_POINT('',(0.873083327385868,3.03365813582809,3.85659157119389));
#4040=CARTESIAN_POINT('',(0.782446071805779,3.01125705691123,3.88517775969565));
#4041=CARTESIAN_POINT('',(0.701249287780303,2.99118919899664,3.89792823579005));
#4042=CARTESIAN_POINT('',(0.652286217548981,2.97908793232387,3.89999865027601));
#4043=CARTESIAN_POINT('',(0.633196803613977,2.97436996656797,3.9));
#4044=CARTESIAN_POINT('',(0.957601920826373,3.39241768055185,3.501));
#4045=CARTESIAN_POINT('',(0.957600612344065,3.39241599867288,3.51776800666621));
#4046=CARTESIAN_POINT('',(0.95559431753055,3.38983717507346,3.55791741536813));
#4047=CARTESIAN_POINT('',(0.943990248921737,3.37492169716062,3.62315350935654));
#4048=CARTESIAN_POINT('',(0.919698271731525,3.34369761003616,3.69333362929368));
#4049=CARTESIAN_POINT('',(0.883847172381682,3.29761581764676,3.75824346507025));
#4050=CARTESIAN_POINT('',(0.837898934349153,3.23855550418156,3.81373050984669));
#4051=CARTESIAN_POINT('',(0.784551741168031,3.16998482363586,3.85659157119389));
#4052=CARTESIAN_POINT('',(0.727221844204994,3.0962949101474,3.88517775969566));
#4053=CARTESIAN_POINT('',(0.675863236399429,3.03028029008764,3.89792823579005));
#4054=CARTESIAN_POINT('',(0.644893104378221,2.99047232826904,3.89999865027601));
#4055=CARTESIAN_POINT('',(0.632818664050408,2.97495225043335,3.9));
#4056=CARTESIAN_POINT('',(-0.632167795800355,-2.97411564636497,3.9));
#4057=CARTESIAN_POINT('',(-0.631329125232409,-2.97357100732995,3.9));
#4058=CARTESIAN_POINT('',(-0.117663888990874,-2.84695554486251,3.501));
#4059=CARTESIAN_POINT('',(-0.11766595767147,-2.84695605613877,3.51776800666621));
#4060=CARTESIAN_POINT('',(-0.120837863874244,-2.84773999559843,3.55791741536813));
#4061=CARTESIAN_POINT('',(-0.139183630882069,-2.85227416835005,3.62315350935654));
#4062=CARTESIAN_POINT('',(-0.177588691099673,-2.86176601338922,3.69333362929367));
#4063=CARTESIAN_POINT('',(-0.234268459017168,-2.87577446880837,3.75824346507025));
#4064=CARTESIAN_POINT('',(-0.306911572202855,-2.89372827931183,3.81373050984669));
#4065=CARTESIAN_POINT('',(-0.391252264214842,-2.91457315690185,3.85659157119389));
#4066=CARTESIAN_POINT('',(-0.481889519794931,-2.93697423581871,3.88517775969565));
#4067=CARTESIAN_POINT('',(-0.563086303820407,-2.9570420937333,3.89792823579005));
#4068=CARTESIAN_POINT('',(-0.612049374051728,-2.96914336040607,3.89999865027601));
#4069=CARTESIAN_POINT('',(-0.631138787986733,-2.97386132616196,3.9));
#4070=CARTESIAN_POINT('',(-0.306733670774337,-2.55581361217809,3.501));
#4071=CARTESIAN_POINT('',(-0.306734979256644,-2.55581529405706,3.51776800666621));
#4072=CARTESIAN_POINT('',(-0.308741274070151,-2.55839411765647,3.55791741536813));
#4073=CARTESIAN_POINT('',(-0.320345342678973,-2.57330959556932,3.62315350935654));
#4074=CARTESIAN_POINT('',(-0.344637319869179,-2.60453368269379,3.69333362929368));
#4075=CARTESIAN_POINT('',(-0.380488419219019,-2.65061547508318,3.75824346507025));
#4076=CARTESIAN_POINT('',(-0.426436657251551,-2.70967578854838,3.81373050984669));
#4077=CARTESIAN_POINT('',(-0.479783850432679,-2.77824646909408,3.85659157119389));
#4078=CARTESIAN_POINT('',(-0.537113747395715,-2.85193638258254,3.88517775969566));
#4079=CARTESIAN_POINT('',(-0.588472355201281,-2.9179510026423,3.89792823579005));
#4080=CARTESIAN_POINT('',(-0.619442487222488,-2.9577589644609,3.89999865027601));
#4081=CARTESIAN_POINT('',(-0.631516927550301,-2.97327904229659,3.9));
#4082=CARTESIAN_POINT('',(-0.663417222820266,-2.37352133462658,3.501));
#4083=CARTESIAN_POINT('',(-0.663417097174793,-2.37352374945333,3.5177680066662));
#4084=CARTESIAN_POINT('',(-0.663224445087847,-2.37722640126519,3.55791741536813));
#4085=CARTESIAN_POINT('',(-0.662110178121831,-2.39864191077552,3.62315350935653));
#4086=CARTESIAN_POINT('',(-0.659777569738146,-2.44347317522926,3.69333362929367));
#4087=CARTESIAN_POINT('',(-0.656335010318096,-2.50963699974324,3.75824346507025));
#4088=CARTESIAN_POINT('',(-0.651922885096204,-2.59443526850051,3.81373050984669));
#4089=CARTESIAN_POINT('',(-0.646800283955651,-2.69288843707719,3.85659157119388));
#4090=CARTESIAN_POINT('',(-0.641295248394123,-2.79869175443303,3.88517775969566));
#4091=CARTESIAN_POINT('',(-0.636363598812692,-2.89347495427217,3.89792823579004));
#4092=CARTESIAN_POINT('',(-0.633389728508477,-2.95063086908056,3.89999865027601));
#4093=CARTESIAN_POINT('',(-0.632230294654396,-2.97291445774149,3.9));
#4094=CARTESIAN_POINT('',(-1.1680379656477,-2.70122587670369,3.501));
#4095=CARTESIAN_POINT('',(-1.16803581105916,-2.70122697391941,3.51776800666622));
#4096=CARTESIAN_POINT('',(-1.16473218227592,-2.70290933384243,3.55791741536812));
#4097=CARTESIAN_POINT('',(-1.14562455422424,-2.71263981803657,3.62315350935654));
#4098=CARTESIAN_POINT('',(-1.10562461278661,-2.73300963038959,3.69333362929368));
#4099=CARTESIAN_POINT('',(-1.04659105354853,-2.76307223750832,3.75824346507025));
#4100=CARTESIAN_POINT('',(-0.970931224952783,-2.8016017066967,3.8137305098467));
#4101=CARTESIAN_POINT('',(-0.883088041732326,-2.84633550115697,3.85659157119388));
#4102=CARTESIAN_POINT('',(-0.788686811927503,-2.89440895496486,3.88517775969566));
#4103=CARTESIAN_POINT('',(-0.704118096567094,-2.93747523958718,3.89792823579004));
#4104=CARTESIAN_POINT('',(-0.653121693208733,-2.96344495678562,3.89999865027601));
#4105=CARTESIAN_POINT('',(-0.633239536140043,-2.97356986682565,3.9));
#4106=CARTESIAN_POINT('',(-1.13633443779725,-3.30152529191464,3.501));
#4107=CARTESIAN_POINT('',(-1.13633241067999,-3.3015239754893,3.51776800666621));
#4108=CARTESIAN_POINT('',(-1.13322423350619,-3.29950550163162,3.55791741536813));
#4109=CARTESIAN_POINT('',(-1.11524706438311,-3.28783099149891,3.62315350935654));
#4110=CARTESIAN_POINT('',(-1.07761362761163,-3.26339155190139,3.69333362929367));
#4111=CARTESIAN_POINT('',(-1.02207265332179,-3.22732282146398,3.75824346507025));
#4112=CARTESIAN_POINT('',(-0.950889064714776,-3.18109565851154,3.81373050984669));
#4113=CARTESIAN_POINT('',(-0.868242921677564,-3.12742462567469,3.85659157119388));
#4114=CARTESIAN_POINT('',(-0.779426723820112,-3.06974671238713,3.88517775969566));
#4115=CARTESIAN_POINT('',(-0.699861322272563,-3.01807633646634,3.89792823579005));
#4116=CARTESIAN_POINT('',(-0.651882003993993,-2.98691820285979,3.89999865027601));
#4117=CARTESIAN_POINT('',(-0.633176129084349,-2.97477046565607,3.9));
#4118=CARTESIAN_POINT('',(-0.600828620297323,-3.57465167475694,3.501));
#4119=CARTESIAN_POINT('',(-0.600828746303659,-3.57464926016454,3.51776800666621));
#4120=CARTESIAN_POINT('',(-0.601021951688187,-3.57094696766832,3.55791741536813));
#4121=CARTESIAN_POINT('',(-0.602139418833519,-3.54953353637876,3.62315350935654));
#4122=CARTESIAN_POINT('',(-0.604478726478088,-3.50470662247589,3.69333362929368));
#4123=CARTESIAN_POINT('',(-0.607931172942981,-3.4385492186839,3.75824346507025));
#4124=CARTESIAN_POINT('',(-0.612355969806675,-3.35375917898705,3.8137305098467));
#4125=CARTESIAN_POINT('',(-0.617493283078812,-3.25531556458033,3.85659157119389));
#4126=CARTESIAN_POINT('',(-0.623014129125142,-3.14952251467337,3.88517775969567));
#4127=CARTESIAN_POINT('',(-0.627959942424478,-3.05474851286018,3.89792823579004));
#4128=CARTESIAN_POINT('',(-0.630942353696459,-2.99759814462111,3.89999865027601));
#4129=CARTESIAN_POINT('',(-0.632105117449342,-2.97531671842176,3.9));
#4130=CARTESIAN_POINT('',(-0.0962078774698896,-3.24694713267984,3.501));
#4131=CARTESIAN_POINT('',(-0.0962100324192845,-3.24694603569845,3.51776800666621));
#4132=CARTESIAN_POINT('',(-0.0995142145001104,-3.24526403509108,3.55791741536813));
#4133=CARTESIAN_POINT('',(-0.118625042731122,-3.2355356291177,3.62315350935654));
#4134=CARTESIAN_POINT('',(-0.158631683429622,-3.21517016731556,3.69333362929367));
#4135=CARTESIAN_POINT('',(-0.217675129712537,-3.18511398091883,3.75824346507025));
#4136=CARTESIAN_POINT('',(-0.293347629950096,-3.14659274079085,3.81373050984668));
#4137=CARTESIAN_POINT('',(-0.381205525302128,-3.10186850050054,3.85659157119389));
#4138=CARTESIAN_POINT('',(-0.475622565591761,-3.05380531414154,3.88517775969565));
#4139=CARTESIAN_POINT('',(-0.560205444670085,-3.01074822754518,3.89792823579005));
#4140=CARTESIAN_POINT('',(-0.611210388996198,-2.98478405691607,3.899998650276));
#4141=CARTESIAN_POINT('',(-0.631095875963695,-2.97466130933759,3.9));
#4142=CARTESIAN_POINT('',(-0.117663888990874,-2.84695554486251,3.501));
#4143=CARTESIAN_POINT('',(-0.11766595767147,-2.84695605613877,3.51776800666621));
#4144=CARTESIAN_POINT('',(-0.120837863874244,-2.84773999559843,3.55791741536813));
#4145=CARTESIAN_POINT('',(-0.139183630882069,-2.85227416835005,3.62315350935654));
#4146=CARTESIAN_POINT('',(-0.177588691099673,-2.86176601338922,3.69333362929367));
#4147=CARTESIAN_POINT('',(-0.234268459017168,-2.87577446880837,3.75824346507025));
#4148=CARTESIAN_POINT('',(-0.306911572202855,-2.89372827931183,3.81373050984669));
#4149=CARTESIAN_POINT('',(-0.391252264214842,-2.91457315690185,3.85659157119389));
#4150=CARTESIAN_POINT('',(-0.481889519794931,-2.93697423581871,3.88517775969565));
#4151=CARTESIAN_POINT('',(-0.563086303820407,-2.9570420937333,3.89792823579005));
#4152=CARTESIAN_POINT('',(-0.612049374051728,-2.96914336040607,3.89999865027601));
#4153=CARTESIAN_POINT('',(-0.631138787986733,-2.97386132616196,3.9));
#4154=CARTESIAN_POINT('',(-0.306733670774337,-2.55581361217809,3.501));
#4155=CARTESIAN_POINT('',(-0.306734979256644,-2.55581529405706,3.51776800666621));
#4156=CARTESIAN_POINT('',(-0.308741274070151,-2.55839411765647,3.55791741536813));
#4157=CARTESIAN_POINT('',(-0.320345342678973,-2.57330959556932,3.62315350935654));
#4158=CARTESIAN_POINT('',(-0.344637319869179,-2.60453368269379,3.69333362929368));
#4159=CARTESIAN_POINT('',(-0.380488419219019,-2.65061547508318,3.75824346507025));
#4160=CARTESIAN_POINT('',(-0.426436657251551,-2.70967578854838,3.81373050984669));
#4161=CARTESIAN_POINT('',(-0.479783850432679,-2.77824646909408,3.85659157119389));
#4162=CARTESIAN_POINT('',(-0.537113747395715,-2.85193638258254,3.88517775969566));
#4163=CARTESIAN_POINT('',(-0.588472355201281,-2.9179510026423,3.89792823579005));
#4164=CARTESIAN_POINT('',(-0.619442487222488,-2.9577589644609,3.89999865027601));
#4165=CARTESIAN_POINT('',(-0.631516927550301,-2.97327904229659,3.9));
#4166=CARTESIAN_POINT('',(2.97411564636497,-0.632167795800355,3.9));
#4167=CARTESIAN_POINT('',(2.97495431693291,-0.63162315676534,3.9));
#4168=CARTESIAN_POINT('',(3.48861955317445,-0.505007694297894,3.501));
#4169=CARTESIAN_POINT('',(3.48861748449385,-0.505008205574156,3.51776800666621));
#4170=CARTESIAN_POINT('',(3.48544557829107,-0.505792145033821,3.55791741536813));
#4171=CARTESIAN_POINT('',(3.46709981128326,-0.510326317785434,3.62315350935654));
#4172=CARTESIAN_POINT('',(3.42869475106565,-0.519818162824602,3.69333362929367));
#4173=CARTESIAN_POINT('',(3.37201498314815,-0.533826618243762,3.75824346507025));
#4174=CARTESIAN_POINT('',(3.29937186996247,-0.551780428747215,3.81373050984669));
#4175=CARTESIAN_POINT('',(3.21503117795048,-0.572625306337238,3.85659157119389));
#4176=CARTESIAN_POINT('',(3.12439392237039,-0.595026385254095,3.88517775969565));
#4177=CARTESIAN_POINT('',(3.04319713834492,-0.615094243168687,3.89792823579005));
#4178=CARTESIAN_POINT('',(2.9942340681136,-0.627195509841455,3.89999865027601));
#4179=CARTESIAN_POINT('',(2.97514465417859,-0.63191347559735,3.9));
#4180=CARTESIAN_POINT('',(3.29954977139099,-0.213865761613471,3.501));
#4181=CARTESIAN_POINT('',(3.29954846290868,-0.213867443492442,3.51776800666621));
#4182=CARTESIAN_POINT('',(3.29754216809516,-0.216446267091864,3.55791741536813));
#4183=CARTESIAN_POINT('',(3.28593809948635,-0.231361745004707,3.62315350935654));
#4184=CARTESIAN_POINT('',(3.26164612229615,-0.262585832129171,3.69333362929368));
#4185=CARTESIAN_POINT('',(3.2257950229463,-0.308667624518568,3.75824346507025));
#4186=CARTESIAN_POINT('',(3.17984678491377,-0.367727937983769,3.81373050984669));
#4187=CARTESIAN_POINT('',(3.12649959173265,-0.436298618529461,3.85659157119389));
#4188=CARTESIAN_POINT('',(3.06916969476961,-0.509988532017925,3.88517775969566));
#4189=CARTESIAN_POINT('',(3.01781108696404,-0.576003152077682,3.89792823579005));
#4190=CARTESIAN_POINT('',(2.98684095494284,-0.615811113896286,3.89999865027601));
#4191=CARTESIAN_POINT('',(2.97476651461502,-0.631331191731978,3.9));
#4192=CARTESIAN_POINT('',(2.94286621934505,-0.031573484061975,3.501));
#4193=CARTESIAN_POINT('',(2.94286634499052,-0.0315758988887237,3.5177680066662));
#4194=CARTESIAN_POINT('',(2.94305899707748,-0.0352785507005725,3.55791741536813));
#4195=CARTESIAN_POINT('',(2.94417326404349,-0.0566940602109033,3.62315350935653));
#4196=CARTESIAN_POINT('',(2.94650587242717,-0.101525324664651,3.69333362929367));
#4197=CARTESIAN_POINT('',(2.94994843184723,-0.167689149178627,3.75824346507025));
#4198=CARTESIAN_POINT('',(2.95436055706912,-0.252487417935891,3.81373050984669));
#4199=CARTESIAN_POINT('',(2.95948315820967,-0.350940586512578,3.85659157119388));
#4200=CARTESIAN_POINT('',(2.96498819377121,-0.456743903868412,3.88517775969566));
#4201=CARTESIAN_POINT('',(2.96991984335262,-0.551527103707564,3.89792823579004));
#4202=CARTESIAN_POINT('',(2.97289371365684,-0.608683018515954,3.89999865027601));
#4203=CARTESIAN_POINT('',(2.97405314751093,-0.630966607176872,3.9));
#4204=CARTESIAN_POINT('',(2.43824547651763,-0.359278026139072,3.501));
#4205=CARTESIAN_POINT('',(2.43824763110617,-0.359279123354785,3.51776800666622));
#4206=CARTESIAN_POINT('',(2.44155125988939,-0.36096148327783,3.55791741536812));
#4207=CARTESIAN_POINT('',(2.4606588879411,-0.370691967471941,3.62315350935654));
#4208=CARTESIAN_POINT('',(2.50065882937871,-0.391061779824977,3.69333362929368));
#4209=CARTESIAN_POINT('',(2.55969238861679,-0.421124386943702,3.75824346507025));
#4210=CARTESIAN_POINT('',(2.63535221721255,-0.45965385613208,3.8137305098467));
#4211=CARTESIAN_POINT('',(2.723195400433,-0.50438765059236,3.85659157119388));
#4212=CARTESIAN_POINT('',(2.81759663023782,-0.552461104400248,3.88517775969566));
#4213=CARTESIAN_POINT('',(2.90216534559823,-0.595527389022562,3.89792823579004));
#4214=CARTESIAN_POINT('',(2.95316174895659,-0.621497106221,3.89999865027601));
#4215=CARTESIAN_POINT('',(2.97304390602527,-0.631622016261039,3.9));
#4216=CARTESIAN_POINT('',(2.46994900436807,-0.959577441350029,3.501));
#4217=CARTESIAN_POINT('',(2.46995103148533,-0.959576124924689,3.51776800666621));
#4218=CARTESIAN_POINT('',(2.47305920865914,-0.957557651067006,3.55791741536813));
#4219=CARTESIAN_POINT('',(2.49103637778221,-0.945883140934298,3.62315350935654));
#4220=CARTESIAN_POINT('',(2.5286698145537,-0.921443701336773,3.69333362929367));
#4221=CARTESIAN_POINT('',(2.58421078884354,-0.885374970899363,3.75824346507025));
#4222=CARTESIAN_POINT('',(2.65539437745055,-0.839147807946925,3.81373050984669));
#4223=CARTESIAN_POINT('',(2.73804052048775,-0.785476775110078,3.85659157119388));
#4224=CARTESIAN_POINT('',(2.82685671834522,-0.727798861822505,3.88517775969566));
#4225=CARTESIAN_POINT('',(2.90642211989275,-0.676128485901729,3.89792823579005));
#4226=CARTESIAN_POINT('',(2.95440143817133,-0.64497035229518,3.89999865027601));
#4227=CARTESIAN_POINT('',(2.97310731308098,-0.632822615091455,3.9));
#4228=CARTESIAN_POINT('',(3.005454821868,-1.23270382419232,3.501));
#4229=CARTESIAN_POINT('',(3.00545469586168,-1.23270140959991,3.51776800666621));
#4230=CARTESIAN_POINT('',(3.00526149047712,-1.22899911710372,3.55791741536813));
#4231=CARTESIAN_POINT('',(3.00414402333181,-1.20758568581414,3.62315350935654));
#4232=CARTESIAN_POINT('',(3.00180471568724,-1.16275877191128,3.69333362929368));
#4233=CARTESIAN_POINT('',(2.99835226922234,-1.09660136811928,3.75824346507025));
#4234=CARTESIAN_POINT('',(2.99392747235865,-1.01181132842243,3.8137305098467));
#4235=CARTESIAN_POINT('',(2.98879015908652,-0.91336771401571,3.85659157119389));
#4236=CARTESIAN_POINT('',(2.98326931304017,-0.807574664108759,3.88517775969567));
#4237=CARTESIAN_POINT('',(2.97832349974085,-0.712800662295567,3.89792823579004));
#4238=CARTESIAN_POINT('',(2.97534108846887,-0.655650294056499,3.89999865027601));
#4239=CARTESIAN_POINT('',(2.97417832471598,-0.633368867857141,3.9));
#4240=CARTESIAN_POINT('',(3.51007556469543,-0.904999282115221,3.501));
#4241=CARTESIAN_POINT('',(3.51007340974603,-0.904998185133842,3.51776800666621));
#4242=CARTESIAN_POINT('',(3.50676922766521,-0.903316184526469,3.55791741536813));
#4243=CARTESIAN_POINT('',(3.4876583994342,-0.893587778553082,3.62315350935654));
#4244=CARTESIAN_POINT('',(3.44765175873569,-0.873222316750954,3.69333362929367));
#4245=CARTESIAN_POINT('',(3.38860831245279,-0.843166130354216,3.75824346507025));
#4246=CARTESIAN_POINT('',(3.31293581221522,-0.804644890226245,3.81373050984668));
#4247=CARTESIAN_POINT('',(3.22507791686319,-0.759920649935928,3.85659157119389));
#4248=CARTESIAN_POINT('',(3.13066087657356,-0.711857463576923,3.88517775969565));
#4249=CARTESIAN_POINT('',(3.04607799749524,-0.668800376980569,3.89792823579005));
#4250=CARTESIAN_POINT('',(2.99507305316913,-0.642836206351455,3.899998650276));
#4251=CARTESIAN_POINT('',(2.97518756620163,-0.632713458772979,3.9));
#4252=CARTESIAN_POINT('',(3.48861955317445,-0.505007694297894,3.501));
#4253=CARTESIAN_POINT('',(3.48861748449385,-0.505008205574156,3.51776800666621));
#4254=CARTESIAN_POINT('',(3.48544557829107,-0.505792145033821,3.55791741536813));
#4255=CARTESIAN_POINT('',(3.46709981128326,-0.510326317785434,3.62315350935654));
#4256=CARTESIAN_POINT('',(3.42869475106565,-0.519818162824602,3.69333362929367));
#4257=CARTESIAN_POINT('',(3.37201498314815,-0.533826618243762,3.75824346507025));
#4258=CARTESIAN_POINT('',(3.29937186996247,-0.551780428747215,3.81373050984669));
#4259=CARTESIAN_POINT('',(3.21503117795048,-0.572625306337238,3.85659157119389));
#4260=CARTESIAN_POINT('',(3.12439392237039,-0.595026385254095,3.88517775969565));
#4261=CARTESIAN_POINT('',(3.04319713834492,-0.615094243168687,3.89792823579005));
#4262=CARTESIAN_POINT('',(2.9942340681136,-0.627195509841455,3.89999865027601));
#4263=CARTESIAN_POINT('',(2.97514465417859,-0.63191347559735,3.9));
#4264=CARTESIAN_POINT('',(3.29954977139099,-0.213865761613471,3.501));
#4265=CARTESIAN_POINT('',(3.29954846290868,-0.213867443492442,3.51776800666621));
#4266=CARTESIAN_POINT('',(3.29754216809516,-0.216446267091864,3.55791741536813));
#4267=CARTESIAN_POINT('',(3.28593809948635,-0.231361745004707,3.62315350935654));
#4268=CARTESIAN_POINT('',(3.26164612229615,-0.262585832129171,3.69333362929368));
#4269=CARTESIAN_POINT('',(3.2257950229463,-0.308667624518568,3.75824346507025));
#4270=CARTESIAN_POINT('',(3.17984678491377,-0.367727937983769,3.81373050984669));
#4271=CARTESIAN_POINT('',(3.12649959173265,-0.436298618529461,3.85659157119389));
#4272=CARTESIAN_POINT('',(3.06916969476961,-0.509988532017925,3.88517775969566));
#4273=CARTESIAN_POINT('',(3.01781108696404,-0.576003152077682,3.89792823579005));
#4274=CARTESIAN_POINT('',(2.98684095494284,-0.615811113896286,3.89999865027601));
#4275=CARTESIAN_POINT('',(2.97476651461502,-0.631331191731978,3.9));
#4276=CARTESIAN_POINT('',(0.,0.,3.9));
#4277=CARTESIAN_POINT('',(0.,0.,3.9));
#4278=CARTESIAN_POINT('',(0.,0.,3.9));
#4279=CARTESIAN_POINT('',(0.,0.,3.9));
#4280=CARTESIAN_POINT('',(2.32538804158101,1.92745180382598,1.4));
#4281=CARTESIAN_POINT('',(2.32538804158101,1.92745180382598,1.4));
#4282=CARTESIAN_POINT('',(2.70663536609153,1.34038240626418,1.4));
#4283=CARTESIAN_POINT('',(2.70663536609153,1.34038240626418,1.1));
#4284=CARTESIAN_POINT('',(2.95823653647516,1.50377411676869,1.1));
#4285=CARTESIAN_POINT('',(2.57698921196464,2.09084351433049,1.1));
#4286=CARTESIAN_POINT('',(2.57698921196464,2.09084351433049,1.1));
#4287=CARTESIAN_POINT('',(2.32538804158101,1.92745180382598,1.1));
#4288=CARTESIAN_POINT('',(2.70663536609153,1.34038240626418,1.1));
#4289=CARTESIAN_POINT('',(2.47480109872435,1.18982747267255,-2.67830286647069));
#4290=CARTESIAN_POINT('',(2.47480109872435,1.18982747267255,-2.67830286647069));
#4291=CARTESIAN_POINT('',(2.2093978603708,1.01747259442838,-2.56312190922705));
#4292=CARTESIAN_POINT('',(3.0687514328252,1.57554332961984,-2.07997407785809));
#4293=CARTESIAN_POINT('',(3.0687514328252,1.57554332961984,-2.07997407785809));
#4294=CARTESIAN_POINT('',(2.90637734808434,1.47009636605063,-1.85081126569477));
#4295=CARTESIAN_POINT('',(3.15286159014001,1.63016510444511,-1.79061560632431));
#4296=CARTESIAN_POINT('',(2.95823653647516,1.50377411676869,-0.657589479645066));
#4297=CARTESIAN_POINT('',(2.95823653647516,1.50377411676869,-0.657589479645065));
#4298=CARTESIAN_POINT('',(2.95823653647516,1.50377411676869,1.1));
#4299=CARTESIAN_POINT('',(2.70663536609153,1.34038240626418,1.4));
#4300=CARTESIAN_POINT('',(2.70663536609153,1.34038240626418,-0.657589479645064));
#4301=CARTESIAN_POINT('',(2.95823653647516,1.50377411676869,-0.657589479645063));
#4302=CARTESIAN_POINT('',(2.711752832186,1.34370572760386,-0.717788269668479));
#4303=CARTESIAN_POINT('',(2.71175229441949,1.34370537837421,-0.717785139015528));
#4304=CARTESIAN_POINT('',(2.90637734808434,1.47009636605063,-1.85081126569477));
#4305=CARTESIAN_POINT('',(2.90637734808434,1.47009636605063,-1.85081126569477));
#4306=CARTESIAN_POINT('',(2.24868662130253,1.04298701410293,-2.51335032535002));
#4307=CARTESIAN_POINT('',(2.41106070604338,1.14843397767214,-2.74251313751335));
#4308=CARTESIAN_POINT('',(2.70663536609153,1.34038240626418,1.1));
#4309=CARTESIAN_POINT('',(1.82815053583434,1.6045419919715,-2.56312190920323));
#4310=CARTESIAN_POINT('',(1.82815053586196,1.6045419919876,-2.56312190922705));
#4311=CARTESIAN_POINT('',(2.09355377421384,1.77689687023435,-2.67830286647069));
#4312=CARTESIAN_POINT('',(2.02981338153286,1.73550337523394,-2.74251313751335));
#4313=CARTESIAN_POINT('',(1.86743929679201,1.63005641166473,-2.51335032535002));
#4314=CARTESIAN_POINT('',(2.52513002357382,2.05716576361243,-1.85081126569477));
#4315=CARTESIAN_POINT('',(2.52513002357382,2.05716576361243,-1.85081126569477));
#4316=CARTESIAN_POINT('',(2.33050496990898,1.93077477593601,-0.717785139015528));
#4317=CARTESIAN_POINT('',(2.33050550767556,1.93077512516571,-0.717788269668928));
#4318=CARTESIAN_POINT('',(2.57698921196464,2.09084351433049,-0.657589479645063));
#4319=CARTESIAN_POINT('',(2.32538804158101,1.92745180382598,-0.657589479645064));
#4320=CARTESIAN_POINT('',(2.32538804158101,1.92745180382598,-0.657589479645065));
#4321=CARTESIAN_POINT('',(2.57698921196464,2.09084351433049,1.1));
#4322=CARTESIAN_POINT('',(2.57698921196464,2.09084351433049,-0.657589479645066));
#4323=CARTESIAN_POINT('',(2.57698921196464,2.09084351433049,-0.657589479645066));
#4324=CARTESIAN_POINT('',(2.77161426562949,2.21723450200691,-1.79061560632431));
#4325=CARTESIAN_POINT('',(2.52513002357382,2.05716576361243,-1.85081126569477));
#4326=CARTESIAN_POINT('',(2.68750410831468,2.16261272718164,-2.07997407785809));
#4327=CARTESIAN_POINT('',(2.68750410831468,2.16261272718164,-2.07997407785809));
#4328=CARTESIAN_POINT('',(2.32538804158101,1.92745180382598,1.1));
#4329=CARTESIAN_POINT('',(2.57698921196464,2.09084351433049,-0.657589479645065));
#4330=CARTESIAN_POINT('',(2.57698921196464,2.09084351433049,1.1));
#4331=CARTESIAN_POINT('',(2.70663536609153,1.34038240626418,-0.657589479645063));
#4332=CARTESIAN_POINT('',(2.70663536609153,1.34038240626418,1.1));
#4333=CARTESIAN_POINT('',(2.71175229441949,1.34370537837421,-0.717785139015526));
#4334=CARTESIAN_POINT('',(2.57698921196464,2.09084351433049,-0.657589479645063));
#4335=CARTESIAN_POINT('',(2.77161426562949,2.21723450200691,-1.79061560632431));
#4336=CARTESIAN_POINT('',(2.57698921196464,2.09084351433049,-0.657589479645066));
#4337=CARTESIAN_POINT('',(2.90637734808434,1.47009636605063,-1.85081126569477));
#4338=CARTESIAN_POINT('',(2.71175229441949,1.34370537837421,-0.717785139015528));
#4339=CARTESIAN_POINT('',(2.68750410831468,2.16261272718164,-2.07997407785809));
#4340=CARTESIAN_POINT('',(2.90637734808434,1.47009636605063,-1.85081126569477));
#4341=CARTESIAN_POINT('',(2.0424122974868,1.71610274597443,-2.74251313751335));
#4342=CARTESIAN_POINT('',(2.0424122974868,1.71610274597443,-2.74251313751335));
#4343=CARTESIAN_POINT('',(2.47480109872435,1.18982747267255,-2.67830286647069));
#4344=CARTESIAN_POINT('',(2.39846179008945,1.16783460693165,-2.74251313751335));
#4345=CARTESIAN_POINT('',(2.0424122974868,1.71610274597443,-2.74251313751335));
#4346=CARTESIAN_POINT('',(2.68750410831468,2.16261272718164,-2.07997407785809));
#4347=CARTESIAN_POINT('',(2.24868662130253,1.04298701410293,-2.51335032535002));
#4348=CARTESIAN_POINT('',(2.90637734808434,1.47009636605063,-1.85081126569477));
#4349=CARTESIAN_POINT('',(1.80598453429621,1.56256476131575,-2.63990709451565));
#4350=CARTESIAN_POINT('',(1.81011228500755,1.5746046472731,-2.61237952780922));
#4351=CARTESIAN_POINT('',(1.8175536963768,1.58869694265069,-2.58660175509612));
#4352=CARTESIAN_POINT('',(1.82815053587702,1.60454199199372,-2.56312190923896));
#4353=CARTESIAN_POINT('',(1.80598453429621,1.56256476131575,-2.63990709451565));
#4354=CARTESIAN_POINT('',(2.16203402689886,1.01429662227298,-2.63990709451565));
#4355=CARTESIAN_POINT('',(2.16203402689886,1.01429662227298,-2.63990709451565));
#4356=CARTESIAN_POINT('',(2.20939786038252,1.01747259443966,-2.56312190923896));
#4357=CARTESIAN_POINT('',(2.19061256460354,1.01423666202802,-2.58660175509612));
#4358=CARTESIAN_POINT('',(2.17471191749351,1.0131704473883,-2.61237952780922));
#4359=CARTESIAN_POINT('',(2.16203402689886,1.01429662227298,-2.63990709451565));
#4360=CARTESIAN_POINT('',(2.02981338153286,1.73550337523394,-2.74251313751335));
#4361=CARTESIAN_POINT('',(1.94940290723675,1.44481154408624,-3.3627836851994));
#4362=CARTESIAN_POINT('',(1.94940290723675,1.44481154408624,-3.3627836851994));
#4363=CARTESIAN_POINT('',(2.39846179008945,1.16783460693165,-2.74251313751335));
#4364=CARTESIAN_POINT('',(2.11279461774126,1.19321037370261,-3.3627836851994));
#4365=CARTESIAN_POINT('',(1.94940290723675,1.44481154408624,-3.3627836851994));
#4366=CARTESIAN_POINT('',(2.02981338153286,1.73550337523394,-2.74251313751335));
#4367=CARTESIAN_POINT('',(1.80598453429621,1.56256476131575,-2.63990709451565));
#4368=CARTESIAN_POINT('',(1.71297514404616,1.29127355942757,-3.2601776422017));
#4369=CARTESIAN_POINT('',(1.87636685455067,1.03967238904394,-3.2601776422017));
#4370=CARTESIAN_POINT('',(1.87636685455067,1.03967238904394,-3.2601776422017));
#4371=CARTESIAN_POINT('',(1.87636685455067,1.03967238904394,-3.2601776422017));
#4372=CARTESIAN_POINT('',(2.17463294285279,0.994895993013468,-2.63990709451565));
#4373=CARTESIAN_POINT('',(1.71297514404616,1.29127355942757,-3.2601776422017));
#4374=CARTESIAN_POINT('',(2.11279461774126,1.19321037370261,-3.3627836851994));
#4375=CARTESIAN_POINT('',(2.15320702971672,-1.28450841405659,-2.88395548454346));
#4376=CARTESIAN_POINT('',(3.92754196201436,2.13324842024139,-3.30877024251691));
#4377=CARTESIAN_POINT('',(0.326431707012593,0.629314381686984,-1.91139884317597));
#4378=CARTESIAN_POINT('',(-0.79822754199665,-4.09546490537985,3.2));
#4379=CARTESIAN_POINT('',(-0.79822754199665,-4.09546490537985,3.2));
#4380=CARTESIAN_POINT('',(4.06606175208681,-0.936558502292696,3.2));
#4381=CARTESIAN_POINT('',(-0.852691445498153,-4.01159784858531,3.2));
#4382=CARTESIAN_POINT('',(-0.936558502292696,-4.06606175208681,3.2));
#4383=CARTESIAN_POINT('',(-4.09546490537985,0.79822754199665,3.2));
#4384=CARTESIAN_POINT('',(-4.09546490537985,0.79822754199665,3.2));
#4385=CARTESIAN_POINT('',(-4.01159784858531,0.852691445498153,3.2));
#4386=CARTESIAN_POINT('',(-4.06606175208681,0.936558502292696,3.2));
#4387=CARTESIAN_POINT('',(0.79822754199665,4.09546490537985,3.2));
#4388=CARTESIAN_POINT('',(0.79822754199665,4.09546490537985,3.2));
#4389=CARTESIAN_POINT('',(0.852691445498153,4.01159784858531,3.2));
#4390=CARTESIAN_POINT('',(0.936558502292696,4.06606175208681,3.2));
#4391=CARTESIAN_POINT('',(4.09546490537985,-0.79822754199665,3.2));
#4392=CARTESIAN_POINT('',(4.09546490537985,-0.79822754199665,3.2));
#4393=CARTESIAN_POINT('',(4.01159784858531,-0.852691445498153,3.2));
#4394=CARTESIAN_POINT('',(0.,0.,3.2));
#4395=CARTESIAN_POINT('',(1.46767349390449,0.953118311276297,3.2));
#4396=CARTESIAN_POINT('',(-2.97411564636497,0.632167795800355,3.2));
#4397=CARTESIAN_POINT('',(-2.6386474191868,0.850023409806365,3.2));
#4398=CARTESIAN_POINT('',(-0.632167795800355,-2.97411564636497,3.2));
#4399=CARTESIAN_POINT('',(-0.296699568622185,-2.75626003235896,3.2));
#4400=CARTESIAN_POINT('',(0.632167795800355,2.97411564636497,3.2));
#4401=CARTESIAN_POINT('',(0.967636022978524,3.19197126037098,3.2));
#4402=CARTESIAN_POINT('',(2.97411564636497,-0.632167795800355,3.2));
#4403=CARTESIAN_POINT('',(3.30958387354314,-0.414312181794344,3.2));
#4404=CARTESIAN_POINT('',(0.,0.,3.2));
#4405=CARTESIAN_POINT('',(4.01159784858531,-0.852691445498153,3.5));
#4406=CARTESIAN_POINT('',(4.06606175208681,-0.936558502292696,3.5));
#4407=CARTESIAN_POINT('',(4.09546490537985,-0.79822754199665,3.5));
#4408=CARTESIAN_POINT('',(4.09546490537985,-0.79822754199665,3.5));
#4409=CARTESIAN_POINT('',(0.936558502292696,4.06606175208681,3.5));
#4410=CARTESIAN_POINT('',(0.852691445498153,4.01159784858531,3.5));
#4411=CARTESIAN_POINT('',(0.79822754199665,4.09546490537985,3.5));
#4412=CARTESIAN_POINT('',(0.79822754199665,4.09546490537985,3.5));
#4413=CARTESIAN_POINT('',(-4.06606175208681,0.936558502292696,3.5));
#4414=CARTESIAN_POINT('',(-4.01159784858531,0.852691445498153,3.5));
#4415=CARTESIAN_POINT('',(-4.09546490537985,0.79822754199665,3.5));
#4416=CARTESIAN_POINT('',(-4.09546490537985,0.79822754199665,3.5));
#4417=CARTESIAN_POINT('',(-0.936558502292696,-4.06606175208681,3.5));
#4418=CARTESIAN_POINT('',(-0.852691445498153,-4.01159784858531,3.5));
#4419=CARTESIAN_POINT('',(-0.79822754199665,-4.09546490537985,3.5));
#4420=CARTESIAN_POINT('',(-0.79822754199665,-4.09546490537985,3.5));
#4421=CARTESIAN_POINT('',(0.,0.,3.5));
#4422=CARTESIAN_POINT('',(1.46767349390449,0.953118311276297,3.5));
#4423=CARTESIAN_POINT('',(-2.97411564636497,0.632167795800355,3.5));
#4424=CARTESIAN_POINT('',(-2.6386474191868,0.850023409806365,3.5));
#4425=CARTESIAN_POINT('',(-0.632167795800355,-2.97411564636497,3.5));
#4426=CARTESIAN_POINT('',(-0.296699568622185,-2.75626003235896,3.5));
#4427=CARTESIAN_POINT('',(0.632167795800355,2.97411564636497,3.5));
#4428=CARTESIAN_POINT('',(0.967636022978524,3.19197126037098,3.5));
#4429=CARTESIAN_POINT('',(2.97411564636497,-0.632167795800355,3.5));
#4430=CARTESIAN_POINT('',(3.30958387354314,-0.414312181794344,3.5));
#4431=CARTESIAN_POINT('',(0.,0.,3.5));
#4432=CARTESIAN_POINT('',(2.97411564636497,-0.632167795800355,3.2));
#4433=CARTESIAN_POINT('',(0.632167795800355,2.97411564636497,3.2));
#4434=CARTESIAN_POINT('',(-0.632167795800355,-2.97411564636497,3.2));
#4435=CARTESIAN_POINT('',(-2.97411564636497,0.632167795800355,3.2));
#4436=CARTESIAN_POINT('',(0.,0.,3.2));
#4437=CARTESIAN_POINT('',(4.06606175208681,-0.936558502292696,3.2));
#4438=CARTESIAN_POINT('',(-0.79822754199665,-4.09546490537985,3.2));
#4439=CARTESIAN_POINT('',(-0.79822754199665,-4.09546490537985,3.2));
#4440=CARTESIAN_POINT('',(-0.936558502292696,-4.06606175208681,3.2));
#4441=CARTESIAN_POINT('',(-0.852691445498153,-4.01159784858531,3.2));
#4442=CARTESIAN_POINT('',(-4.09546490537985,0.79822754199665,3.2));
#4443=CARTESIAN_POINT('',(-4.09546490537985,0.79822754199665,3.2));
#4444=CARTESIAN_POINT('',(-4.06606175208681,0.936558502292696,3.2));
#4445=CARTESIAN_POINT('',(-4.01159784858531,0.852691445498153,3.2));
#4446=CARTESIAN_POINT('',(0.79822754199665,4.09546490537985,3.2));
#4447=CARTESIAN_POINT('',(0.79822754199665,4.09546490537985,3.2));
#4448=CARTESIAN_POINT('',(0.936558502292696,4.06606175208681,3.2));
#4449=CARTESIAN_POINT('',(0.852691445498153,4.01159784858531,3.2));
#4450=CARTESIAN_POINT('',(4.09546490537985,-0.79822754199665,3.2));
#4451=CARTESIAN_POINT('',(4.09546490537985,-0.79822754199665,3.2));
#4452=CARTESIAN_POINT('',(4.01159784858531,-0.852691445498153,3.2));
#4453=CARTESIAN_POINT('',(-2.70663536609153,-1.34038240626418,1.1));
#4454=CARTESIAN_POINT('',(-2.70663536609153,-1.34038240626418,1.4));
#4455=CARTESIAN_POINT('',(-2.95823653647516,-1.50377411676869,1.1));
#4456=CARTESIAN_POINT('',(-2.95823653647516,-1.50377411676869,1.1));
#4457=CARTESIAN_POINT('',(-2.57698921196464,-2.09084351433049,1.1));
#4458=CARTESIAN_POINT('',(-2.32538804158101,-1.92745180382598,1.1));
#4459=CARTESIAN_POINT('',(-2.32538804158101,-1.92745180382598,1.4));
#4460=CARTESIAN_POINT('',(-2.70663536609153,-1.34038240626418,1.4));
#4461=CARTESIAN_POINT('',(-2.32538804158101,-1.92745180382598,1.1));
#4462=CARTESIAN_POINT('',(-2.02981338153286,-1.73550337523394,-2.74251313751335));
#4463=CARTESIAN_POINT('',(-1.86743929679201,-1.63005641166473,-2.51335032535002));
#4464=CARTESIAN_POINT('',(-1.82815053586196,-1.6045419919876,-2.56312190922705));
#4465=CARTESIAN_POINT('',(-2.52513002357382,-2.05716576361243,-1.85081126569477));
#4466=CARTESIAN_POINT('',(-2.52513002357382,-2.05716576361243,-1.85081126569477));
#4467=CARTESIAN_POINT('',(-2.33050496990898,-1.93077477593601,-0.717785139015527));
#4468=CARTESIAN_POINT('',(-2.33050550767578,-1.93077512516585,-0.717788269670239));
#4469=CARTESIAN_POINT('',(-2.57698921196464,-2.09084351433049,-0.657589479645065));
#4470=CARTESIAN_POINT('',(-2.32538804158101,-1.92745180382598,-0.657589479645065));
#4471=CARTESIAN_POINT('',(-2.32538804158101,-1.92745180382598,1.4));
#4472=CARTESIAN_POINT('',(-2.57698921196464,-2.09084351433049,1.1));
#4473=CARTESIAN_POINT('',(-2.57698921196464,-2.09084351433049,-0.657589479645065));
#4474=CARTESIAN_POINT('',(-2.57698921196464,-2.09084351433049,-0.657589479645065));
#4475=CARTESIAN_POINT('',(-2.77161426562949,-2.21723450200691,-1.79061560632431));
#4476=CARTESIAN_POINT('',(-2.52513002357382,-2.05716576361243,-1.85081126569477));
#4477=CARTESIAN_POINT('',(-2.68750410831468,-2.16261272718164,-2.07997407785809));
#4478=CARTESIAN_POINT('',(-2.68750410831468,-2.16261272718164,-2.07997407785809));
#4479=CARTESIAN_POINT('',(-2.09355377421384,-1.77689687023435,-2.67830286647068));
#4480=CARTESIAN_POINT('',(-2.09355377421384,-1.77689687023435,-2.67830286647068));
#4481=CARTESIAN_POINT('',(-2.32538804158101,-1.92745180382598,1.1));
#4482=CARTESIAN_POINT('',(-3.0687514328252,-1.57554332961984,-2.07997407785809));
#4483=CARTESIAN_POINT('',(-3.0687514328252,-1.57554332961984,-2.07997407785809));
#4484=CARTESIAN_POINT('',(-2.47480109872436,-1.18982747267256,-2.67830286647068));
#4485=CARTESIAN_POINT('',(-2.90637734808434,-1.47009636605063,-1.85081126569477));
#4486=CARTESIAN_POINT('',(-3.15286159014001,-1.63016510444511,-1.79061560632431));
#4487=CARTESIAN_POINT('',(-2.95823653647516,-1.50377411676869,-0.657589479645066));
#4488=CARTESIAN_POINT('',(-2.95823653647516,-1.50377411676869,-0.657589479645065));
#4489=CARTESIAN_POINT('',(-2.95823653647516,-1.50377411676869,1.1));
#4490=CARTESIAN_POINT('',(-2.70663536609153,-1.34038240626418,-0.657589479645065));
#4491=CARTESIAN_POINT('',(-2.70663536609153,-1.34038240626418,-0.657589479645065));
#4492=CARTESIAN_POINT('',(-2.95823653647516,-1.50377411676869,-0.657589479645065));
#4493=CARTESIAN_POINT('',(-2.71175283218588,-1.34370572760378,-0.717788269667802));
#4494=CARTESIAN_POINT('',(-2.71175229441949,-1.34370537837421,-0.717785139015528));
#4495=CARTESIAN_POINT('',(-2.90637734808434,-1.47009636605063,-1.85081126569477));
#4496=CARTESIAN_POINT('',(-2.90637734808434,-1.47009636605063,-1.85081126569477));
#4497=CARTESIAN_POINT('',(-2.24868662130253,-1.04298701410293,-2.51335032535002));
#4498=CARTESIAN_POINT('',(-2.41106070604338,-1.14843397767214,-2.74251313751335));
#4499=CARTESIAN_POINT('',(-2.2093978603708,-1.01747259442838,-2.56312190922705));
#4500=CARTESIAN_POINT('',(-2.20939786034486,-1.0174725944097,-2.56312190920322));
#4501=CARTESIAN_POINT('',(-2.70663536609153,-1.34038240626418,1.1));
#4502=CARTESIAN_POINT('',(-2.95823653647516,-1.50377411676869,-0.657589479645065));
#4503=CARTESIAN_POINT('',(-2.95823653647516,-1.50377411676869,1.1));
#4504=CARTESIAN_POINT('',(-2.32538804158101,-1.92745180382598,-0.657589479645065));
#4505=CARTESIAN_POINT('',(-2.32538804158101,-1.92745180382598,1.1));
#4506=CARTESIAN_POINT('',(-2.71175229441949,-1.34370537837421,-0.717785139015529));
#4507=CARTESIAN_POINT('',(-2.95823653647516,-1.50377411676869,-0.657589479645065));
#4508=CARTESIAN_POINT('',(-3.15286159014001,-1.63016510444511,-1.79061560632431));
#4509=CARTESIAN_POINT('',(-2.95823653647516,-1.50377411676869,-0.657589479645066));
#4510=CARTESIAN_POINT('',(-2.52513002357382,-2.05716576361243,-1.85081126569477));
#4511=CARTESIAN_POINT('',(-2.33050496990898,-1.93077477593601,-0.717785139015528));
#4512=CARTESIAN_POINT('',(-3.0687514328252,-1.57554332961984,-2.07997407785809));
#4513=CARTESIAN_POINT('',(-2.52513002357382,-2.05716576361243,-1.85081126569477));
#4514=CARTESIAN_POINT('',(-2.39846179008945,-1.16783460693165,-2.74251313751335));
#4515=CARTESIAN_POINT('',(-2.39846179008945,-1.16783460693165,-2.74251313751335));
#4516=CARTESIAN_POINT('',(-2.0424122974868,-1.71610274597443,-2.74251313751335));
#4517=CARTESIAN_POINT('',(-2.09355377421384,-1.77689687023435,-2.67830286647068));
#4518=CARTESIAN_POINT('',(-2.39846179008945,-1.16783460693165,-2.74251313751335));
#4519=CARTESIAN_POINT('',(-3.0687514328252,-1.57554332961984,-2.07997407785809));
#4520=CARTESIAN_POINT('',(-1.86743929679201,-1.63005641166473,-2.51335032535002));
#4521=CARTESIAN_POINT('',(-2.52513002357382,-2.05716576361243,-1.85081126569477));
#4522=CARTESIAN_POINT('',(-1.82815053587702,-1.60454199199372,-2.56312190923896));
#4523=CARTESIAN_POINT('',(-1.8175536963768,-1.5886969426507,-2.58660175509612));
#4524=CARTESIAN_POINT('',(-1.81011228500755,-1.5746046472731,-2.61237952780922));
#4525=CARTESIAN_POINT('',(-1.80598453429621,-1.56256476131575,-2.63990709451565));
#4526=CARTESIAN_POINT('',(-1.80598453429621,-1.56256476131575,-2.63990709451565));
#4527=CARTESIAN_POINT('',(-1.80598453429621,-1.56256476131575,-2.63990709451565));
#4528=CARTESIAN_POINT('',(-2.16203402689885,-1.01429662227298,-2.63990709451565));
#4529=CARTESIAN_POINT('',(-2.16203402689885,-1.01429662227298,-2.63990709451565));
#4530=CARTESIAN_POINT('',(-2.17471191749351,-1.0131704473883,-2.61237952780922));
#4531=CARTESIAN_POINT('',(-2.19061256460354,-1.01423666202802,-2.58660175509612));
#4532=CARTESIAN_POINT('',(-2.20939786038252,-1.01747259443966,-2.56312190923896));
#4533=CARTESIAN_POINT('',(-2.41106070604338,-1.14843397767214,-2.74251313751335));
#4534=CARTESIAN_POINT('',(-2.11279461774126,-1.19321037370261,-3.3627836851994));
#4535=CARTESIAN_POINT('',(-2.11279461774126,-1.19321037370261,-3.3627836851994));
#4536=CARTESIAN_POINT('',(-1.94940290723675,-1.44481154408624,-3.3627836851994));
#4537=CARTESIAN_POINT('',(-2.0424122974868,-1.71610274597443,-2.74251313751335));
#4538=CARTESIAN_POINT('',(-2.11279461774126,-1.19321037370261,-3.3627836851994));
#4539=CARTESIAN_POINT('',(-2.41106070604338,-1.14843397767214,-2.74251313751335));
#4540=CARTESIAN_POINT('',(-1.71297514404616,-1.29127355942757,-3.2601776422017));
#4541=CARTESIAN_POINT('',(-1.71297514404616,-1.29127355942757,-3.2601776422017));
#4542=CARTESIAN_POINT('',(-1.71297514404616,-1.29127355942757,-3.2601776422017));
#4543=CARTESIAN_POINT('',(-1.87636685455067,-1.03967238904394,-3.2601776422017));
#4544=CARTESIAN_POINT('',(-2.16203402689885,-1.01429662227298,-2.63990709451565));
#4545=CARTESIAN_POINT('',(-1.79338561834227,-1.58196539057527,-2.63990709451565));
#4546=CARTESIAN_POINT('',(-1.94940290723675,-1.44481154408624,-3.3627836851994));
#4547=CARTESIAN_POINT('',(-1.87636685455067,-1.03967238904394,-3.2601776422017));
#4548=CARTESIAN_POINT('',(0.297668627850903,-2.48950914169782,-2.88395548454346));
#4549=CARTESIAN_POINT('',(-3.54629463750385,-2.72031781780319,-3.3087702425169));
#4550=CARTESIAN_POINT('',(-0.707679031523111,-0.042244984125187,-1.91139884317597));
#4551=CARTESIAN_POINT('',(0.,0.,3.2));
#4552=CARTESIAN_POINT('',(1.46767349390449,0.953118311276297,3.2));
#4553=CARTESIAN_POINT('',(0.,0.,4.80349048128746));
#4554=CARTESIAN_POINT('',(1.44419991783014,0.937874392734113,4.80349048128746));
#4555=CARTESIAN_POINT('',(0.,0.,4.00174524064373));
#4556=CARTESIAN_POINT('',(0.,0.,5.));
#4557=CARTESIAN_POINT('',(1.27649135095899,0.828963175963717,5.));
#4558=CARTESIAN_POINT('',(0.,0.,5.));
#4559=CARTESIAN_POINT('',(0.,0.,3.2));
#4560=CARTESIAN_POINT('',(0.,0.,4.8));
#4561=CARTESIAN_POINT('',(-3.,-4.,2.));
#4562=CARTESIAN_POINT('',(-3.,-4.,0.7));
#4563=CARTESIAN_POINT('',(-3.,-4.,0.3));
#4564=CARTESIAN_POINT('',(4.,-4.,0.3));
#4565=CARTESIAN_POINT('',(3.,-4.,0.3));
#4566=CARTESIAN_POINT('',(3.,-4.,2.));
#4567=CARTESIAN_POINT('',(3.,-4.,0.7));
#4568=CARTESIAN_POINT('',(0.,-4.,0.7));
#4569=CARTESIAN_POINT('',(4.,-4.,2.));
#4570=CARTESIAN_POINT('',(-4.,3.,2.));
#4571=CARTESIAN_POINT('',(-4.,3.,0.7));
#4572=CARTESIAN_POINT('',(-4.,3.,0.3));
#4573=CARTESIAN_POINT('',(-4.,-4.,0.3));
#4574=CARTESIAN_POINT('',(-4.,-1.15239994913739,0.3));
#4575=CARTESIAN_POINT('',(-4.,-1.15239994913739,0.7));
#4576=CARTESIAN_POINT('',(-4.,-1.15239994913739,0.7));
#4577=CARTESIAN_POINT('',(-4.,0.,0.7));
#4578=CARTESIAN_POINT('',(-4.,-4.,2.));
#4579=CARTESIAN_POINT('',(3.,4.,2.));
#4580=CARTESIAN_POINT('',(3.,4.,0.7));
#4581=CARTESIAN_POINT('',(3.,4.,0.3));
#4582=CARTESIAN_POINT('',(-4.,4.,0.3));
#4583=CARTESIAN_POINT('',(-3.,4.,0.3));
#4584=CARTESIAN_POINT('',(-3.,4.,2.));
#4585=CARTESIAN_POINT('',(-3.,4.,0.7));
#4586=CARTESIAN_POINT('',(0.,4.,0.7));
#4587=CARTESIAN_POINT('',(-4.,4.,2.));
#4588=CARTESIAN_POINT('',(4.,-3.,2.));
#4589=CARTESIAN_POINT('',(4.,-3.,0.7));
#4590=CARTESIAN_POINT('',(4.,-3.,0.3));
#4591=CARTESIAN_POINT('',(4.,4.,0.3));
#4592=CARTESIAN_POINT('',(4.,1.15239994913739,0.3));
#4593=CARTESIAN_POINT('',(4.,1.15239994913739,0.7));
#4594=CARTESIAN_POINT('',(4.,1.15239994913739,0.7));
#4595=CARTESIAN_POINT('',(4.,0.,0.7));
#4596=CARTESIAN_POINT('',(4.,4.,2.));
#4597=CARTESIAN_POINT('',(1.63540760749358,1.0620461182793,0.7));
#4598=CARTESIAN_POINT('',(1.60259457763488,1.1125737533153,0.7));
#4599=CARTESIAN_POINT('',(1.4944122746338,1.27915989141145,0.7));
#4600=CARTESIAN_POINT('',(1.91374755860651,1.55147940891896,0.7));
#4601=CARTESIAN_POINT('',(1.641428041099,1.97081469289167,0.7));
#4602=CARTESIAN_POINT('',(-0.413314850367289,0.636449057104856,0.7));
#4603=CARTESIAN_POINT('',(3.34276682245086,3.07567701610297,0.7));
#4604=CARTESIAN_POINT('',(3.07044730494335,3.49501230007568,0.7));
#4605=CARTESIAN_POINT('',(3.1408946098867,3.99002460015137,0.7));
#4606=CARTESIAN_POINT('',(3.,3.,0.7));
#4607=CARTESIAN_POINT('',(-3.,3.,0.7));
#4608=CARTESIAN_POINT('',(-3.5,-1.15239994913739,0.7));
#4609=CARTESIAN_POINT('',(-3.22768048249249,-1.5717352331101,0.7));
#4610=CARTESIAN_POINT('',(-0.23950648764882,0.368807648936709,0.7));
#4611=CARTESIAN_POINT('',(-2.29424937911511,-0.965557986850107,0.7));
#4612=CARTESIAN_POINT('',(-2.0219298616076,-1.38489327082282,0.7));
#4613=CARTESIAN_POINT('',(-1.60259457763488,-1.11257375331531,0.7));
#4614=CARTESIAN_POINT('',(-1.63540760749358,-1.0620461182793,0.7));
#4615=CARTESIAN_POINT('',(-1.4944122746338,-1.27915989141145,0.7));
#4616=CARTESIAN_POINT('',(-1.91374755860651,-1.55147940891896,0.7));
#4617=CARTESIAN_POINT('',(-1.641428041099,-1.97081469289167,0.7));
#4618=CARTESIAN_POINT('',(0.41331485036729,-0.636449057104858,0.7));
#4619=CARTESIAN_POINT('',(-3.34276682245086,-3.07567701610297,0.7));
#4620=CARTESIAN_POINT('',(-3.07044730494335,-3.49501230007568,0.7));
#4621=CARTESIAN_POINT('',(-3.1408946098867,-3.99002460015137,0.7));
#4622=CARTESIAN_POINT('',(-3.,-3.,0.7));
#4623=CARTESIAN_POINT('',(3.,-3.,0.7));
#4624=CARTESIAN_POINT('',(3.5,1.15239994913739,0.7));
#4625=CARTESIAN_POINT('',(3.22768048249249,1.5717352331101,0.7));
#4626=CARTESIAN_POINT('',(0.239506487648821,-0.368807648936709,0.7));
#4627=CARTESIAN_POINT('',(2.29424937911511,0.965557986850107,0.7));
#4628=CARTESIAN_POINT('',(2.0219298616076,1.38489327082282,0.7));
#4629=CARTESIAN_POINT('',(0.,0.,0.7));
#4630=CARTESIAN_POINT('',(2.0219298616076,1.38489327082282,0.));
#4631=CARTESIAN_POINT('',(1.35099340725126,0.949182042810797,0.));
#4632=CARTESIAN_POINT('',(2.45764108961962,0.713956816466479,0.));
#4633=CARTESIAN_POINT('',(3.39107219299699,1.32013406272648,0.));
#4634=CARTESIAN_POINT('',(3.39107219299699,1.32013406272648,0.));
#4635=CARTESIAN_POINT('',(3.5,1.15239994913739,0.));
#4636=CARTESIAN_POINT('',(3.7,1.15239994913739,0.));
#4637=CARTESIAN_POINT('',(3.7,0.,0.));
#4638=CARTESIAN_POINT('',(3.7,-3.,0.));
#4639=CARTESIAN_POINT('',(3.,-3.,0.));
#4640=CARTESIAN_POINT('',(3.,-3.7,0.));
#4641=CARTESIAN_POINT('',(0.,-3.7,0.));
#4642=CARTESIAN_POINT('',(-3.,-3.7,0.));
#4643=CARTESIAN_POINT('',(-3.,-3.,0.));
#4644=CARTESIAN_POINT('',(-3.09862622692069,-3.69301722010596,0.));
#4645=CARTESIAN_POINT('',(-3.07044730494335,-3.49501230007568,0.));
#4646=CARTESIAN_POINT('',(-3.17937511194636,-3.3272781864866,0.));
#4647=CARTESIAN_POINT('',(-1.47803633059449,-2.2224158632753,0.));
#4648=CARTESIAN_POINT('',(-1.47803633059449,-2.2224158632753,0.));
#4649=CARTESIAN_POINT('',(-1.91374755860651,-1.55147940891896,0.));
#4650=CARTESIAN_POINT('',(-1.24281110425017,-1.11576818090694,0.));
#4651=CARTESIAN_POINT('',(-1.38380643710995,-0.898654407774794,0.));
#4652=CARTESIAN_POINT('',(-1.35099340725126,-0.949182042810798,0.));
#4653=CARTESIAN_POINT('',(-2.0219298616076,-1.38489327082282,0.));
#4654=CARTESIAN_POINT('',(-2.45764108961962,-0.71395681646648,0.));
#4655=CARTESIAN_POINT('',(-3.39107219299699,-1.32013406272648,0.));
#4656=CARTESIAN_POINT('',(-3.39107219299699,-1.32013406272648,0.));
#4657=CARTESIAN_POINT('',(-3.5,-1.15239994913739,0.));
#4658=CARTESIAN_POINT('',(-3.7,-1.15239994913739,0.));
#4659=CARTESIAN_POINT('',(-3.7,0.,0.));
#4660=CARTESIAN_POINT('',(-3.7,3.,0.));
#4661=CARTESIAN_POINT('',(-3.,3.,0.));
#4662=CARTESIAN_POINT('',(-3.,3.7,0.));
#4663=CARTESIAN_POINT('',(0.,3.7,0.));
#4664=CARTESIAN_POINT('',(3.,3.7,0.));
#4665=CARTESIAN_POINT('',(3.,3.,0.));
#4666=CARTESIAN_POINT('',(3.09862622692069,3.69301722010596,0.));
#4667=CARTESIAN_POINT('',(3.07044730494335,3.49501230007568,0.));
#4668=CARTESIAN_POINT('',(3.17937511194636,3.3272781864866,0.));
#4669=CARTESIAN_POINT('',(1.47803633059449,2.2224158632753,0.));
#4670=CARTESIAN_POINT('',(1.47803633059449,2.2224158632753,0.));
#4671=CARTESIAN_POINT('',(1.91374755860651,1.55147940891896,0.));
#4672=CARTESIAN_POINT('',(1.24281110425017,1.11576818090694,0.));
#4673=CARTESIAN_POINT('',(1.35099340725126,0.949182042810797,0.));
#4674=CARTESIAN_POINT('',(0.,0.,0.));
#4675=CARTESIAN_POINT('',(3.,-3.,0.3));
#4676=CARTESIAN_POINT('',(3.,-3.,2.));
#4677=CARTESIAN_POINT('',(3.1408946098867,3.99002460015137,2.));
#4678=CARTESIAN_POINT('',(3.1408946098867,3.99002460015137,0.3));
#4679=CARTESIAN_POINT('',(3.,3.,0.3));
#4680=CARTESIAN_POINT('',(3.,3.,2.));
#4681=CARTESIAN_POINT('',(-3.,3.,0.3));
#4682=CARTESIAN_POINT('',(-3.,3.,2.));
#4683=CARTESIAN_POINT('',(-3.1408946098867,-3.99002460015137,2.));
#4684=CARTESIAN_POINT('',(-3.1408946098867,-3.99002460015137,0.3));
#4685=CARTESIAN_POINT('',(-3.,-3.,0.3));
#4686=CARTESIAN_POINT('',(-3.,-3.,2.));
#4687=CARTESIAN_POINT('',(-1.641428041099,-1.97081469289167,0.7));
#4688=CARTESIAN_POINT('',(-1.641428041099,-1.97081469289167,0.3));
#4689=CARTESIAN_POINT('',(-3.34276682245086,-3.07567701610297,0.3));
#4690=CARTESIAN_POINT('',(-3.34276682245086,-3.07567701610297,0.3));
#4691=CARTESIAN_POINT('',(-3.34276682245086,-3.07567701610297,0.7));
#4692=CARTESIAN_POINT('',(-2.31236449545534,-2.40652592090369,0.7));
#4693=CARTESIAN_POINT('',(-3.22768048249249,-1.5717352331101,0.));
#4694=CARTESIAN_POINT('',(-3.22768048249249,-1.5717352331101,0.3));
#4695=CARTESIAN_POINT('',(-2.29424937911511,-0.965557986850107,0.3));
#4696=CARTESIAN_POINT('',(-2.29424937911511,-0.965557986850107,0.3));
#4697=CARTESIAN_POINT('',(-2.29424937911511,-0.965557986850107,0.7));
#4698=CARTESIAN_POINT('',(-2.96518583347145,-1.40126921486213,0.7));
#4699=CARTESIAN_POINT('',(-1.60259457763488,-1.11257375331531,0.7));
#4700=CARTESIAN_POINT('',(-1.60259457763488,-1.11257375331531,0.3));
#4701=CARTESIAN_POINT('',(-3.26932471253866,1.45396558555697,0.3));
#4702=CARTESIAN_POINT('',(-1.4944122746338,-1.27915989141145,0.3));
#4703=CARTESIAN_POINT('',(-1.4944122746338,-1.27915989141145,0.7));
#4704=CARTESIAN_POINT('',(-3.26932471253866,1.45396558555697,0.7));
#4705=CARTESIAN_POINT('',(3.22768048249249,1.5717352331101,2.16840434497101E-16));
#4706=CARTESIAN_POINT('',(3.22768048249249,1.5717352331101,0.3));
#4707=CARTESIAN_POINT('',(2.29424937911511,0.965557986850107,0.3));
#4708=CARTESIAN_POINT('',(2.29424937911511,0.965557986850107,0.3));
#4709=CARTESIAN_POINT('',(2.29424937911511,0.965557986850107,0.7));
#4710=CARTESIAN_POINT('',(2.96518583347145,1.40126921486213,0.7));
#4711=CARTESIAN_POINT('',(1.641428041099,1.97081469289167,0.));
#4712=CARTESIAN_POINT('',(1.641428041099,1.97081469289167,0.3));
#4713=CARTESIAN_POINT('',(3.34276682245086,3.07567701610297,0.3));
#4714=CARTESIAN_POINT('',(3.34276682245086,3.07567701610297,0.3));
#4715=CARTESIAN_POINT('',(3.34276682245086,3.07567701610297,0.7));
#4716=CARTESIAN_POINT('',(2.31236449545534,2.40652592090369,0.7));
#4717=CARTESIAN_POINT('',(1.60259457763489,1.11257375331531,0.));
#4718=CARTESIAN_POINT('',(1.60259457763489,1.11257375331531,0.3));
#4719=CARTESIAN_POINT('',(1.4944122746338,1.27915989141145,0.3));
#4720=CARTESIAN_POINT('',(1.4944122746338,1.27915989141145,0.3));
#4721=CARTESIAN_POINT('',(1.4944122746338,1.27915989141145,0.7));
#4722=CARTESIAN_POINT('',(3.26932471253866,-1.45396558555697,0.7));
#4723=CARTESIAN_POINT('',(3.07044730494335,3.49501230007568,0.3));
#4724=CARTESIAN_POINT('',(3.07044730494335,3.49501230007568,2.));
#4725=CARTESIAN_POINT('',(-3.07044730494335,-3.49501230007568,0.3));
#4726=CARTESIAN_POINT('',(-3.07044730494335,-3.49501230007568,2.));
#4727=CARTESIAN_POINT('',(-3.5,-1.15239994913739,0.3));
#4728=CARTESIAN_POINT('',(-3.5,-1.15239994913739,0.7));
#4729=CARTESIAN_POINT('',(3.5,1.15239994913739,0.3));
#4730=CARTESIAN_POINT('',(3.5,1.15239994913739,0.7));
#4731=CARTESIAN_POINT('',(2.0219298616076,1.38489327082282,0.3));
#4732=CARTESIAN_POINT('',(2.0219298616076,1.38489327082282,0.7));
#4733=CARTESIAN_POINT('',(1.91374755860651,1.55147940891896,0.3));
#4734=CARTESIAN_POINT('',(1.91374755860651,1.55147940891896,0.7));
#4735=CARTESIAN_POINT('',(-2.0219298616076,-1.38489327082282,0.3));
#4736=CARTESIAN_POINT('',(-2.0219298616076,-1.38489327082282,0.7));
#4737=CARTESIAN_POINT('',(-1.91374755860651,-1.55147940891896,0.3));
#4738=CARTESIAN_POINT('',(-1.91374755860651,-1.55147940891896,0.7));
#4739=CARTESIAN_POINT('',(3.1408946098867,3.99002460015137,0.3));
#4740=CARTESIAN_POINT('',(3.17937511194636,3.3272781864866,0.));
#4741=CARTESIAN_POINT('',(3.07044730494335,3.49501230007568,0.));
#4742=CARTESIAN_POINT('',(1.47803633059449,2.2224158632753,0.));
#4743=CARTESIAN_POINT('',(2.31236449545534,2.40652592090369,0.3));
#4744=CARTESIAN_POINT('',(3.,4.,0.3));
#4745=CARTESIAN_POINT('',(3.,3.,0.));
#4746=CARTESIAN_POINT('',(1.24281110425017,1.11576818090694,0.));
#4747=CARTESIAN_POINT('',(1.91374755860651,1.55147940891896,0.));
#4748=CARTESIAN_POINT('',(-3.,4.,0.3));
#4749=CARTESIAN_POINT('',(0.,3.7,0.));
#4750=CARTESIAN_POINT('',(1.35099340725126,0.949182042810797,0.));
#4751=CARTESIAN_POINT('',(3.26932471253866,-1.45396558555697,0.3));
#4752=CARTESIAN_POINT('',(-4.,3.,0.3));
#4753=CARTESIAN_POINT('',(-3.,3.,0.));
#4754=CARTESIAN_POINT('',(2.45764108961962,0.713956816466479,0.));
#4755=CARTESIAN_POINT('',(2.0219298616076,1.38489327082282,0.));
#4756=CARTESIAN_POINT('',(-4.,-1.15239994913739,0.3));
#4757=CARTESIAN_POINT('',(-3.7,0.,0.));
#4758=CARTESIAN_POINT('',(3.39107219299699,1.32013406272648,0.));
#4759=CARTESIAN_POINT('',(0.402898198153329,-0.620408819320337,0.));
#4760=CARTESIAN_POINT('',(-3.22768048249249,-1.5717352331101,0.3));
#4761=CARTESIAN_POINT('',(-3.5,-1.15239994913739,0.));
#4762=CARTESIAN_POINT('',(3.7,1.15239994913739,0.));
#4763=CARTESIAN_POINT('',(3.5,1.15239994913739,0.));
#4764=CARTESIAN_POINT('',(-2.29424937911511,-0.965557986850107,0.3));
#4765=CARTESIAN_POINT('',(-2.96518583347145,-1.40126921486213,0.3));
#4766=CARTESIAN_POINT('',(3.7,-3.,0.));
#4767=CARTESIAN_POINT('',(3.7,0.,0.));
#4768=CARTESIAN_POINT('',(-1.60259457763488,-1.11257375331531,0.3));
#4769=CARTESIAN_POINT('',(-2.0219298616076,-1.38489327082282,0.));
#4770=CARTESIAN_POINT('',(3.,-3.7,0.));
#4771=CARTESIAN_POINT('',(3.,-3.,0.));
#4772=CARTESIAN_POINT('',(-1.4944122746338,-1.27915989141145,0.3));
#4773=CARTESIAN_POINT('',(-1.38380643710995,-0.898654407774794,0.));
#4774=CARTESIAN_POINT('',(-3.,-3.7,0.));
#4775=CARTESIAN_POINT('',(0.,-3.7,0.));
#4776=CARTESIAN_POINT('',(-1.641428041099,-1.97081469289167,0.3));
#4777=CARTESIAN_POINT('',(-1.91374755860651,-1.55147940891896,0.));
#4778=CARTESIAN_POINT('',(-3.09862622692069,-3.69301722010596,0.));
#4779=CARTESIAN_POINT('',(-3.,-3.,0.));
#4780=CARTESIAN_POINT('',(-3.34276682245086,-3.07567701610297,0.3));
#4781=CARTESIAN_POINT('',(0.576706560871798,-0.888050227488484,0.));
#4782=CARTESIAN_POINT('',(-3.07044730494335,-3.49501230007568,0.));
#4783=(
GEOMETRIC_REPRESENTATION_CONTEXT(3)
GLOBAL_UNCERTAINTY_ASSIGNED_CONTEXT((#4784))
GLOBAL_UNIT_ASSIGNED_CONTEXT((#4790,#4786,#4785))
REPRESENTATION_CONTEXT('Genius_GM-6000_Tact_Switch_Silent_6x6_V0',
'TOP_LEVEL_ASSEMBLY_PART')
);
#4784=UNCERTAINTY_MEASURE_WITH_UNIT(LENGTH_MEASURE(0.02),#4790,
'DISTANCE_ACCURACY_VALUE','Maximum Tolerance applied to model');
#4785=(
NAMED_UNIT(*)
SI_UNIT($,.STERADIAN.)
SOLID_ANGLE_UNIT()
);
#4786=(
CONVERSION_BASED_UNIT('DEGREE',#4788)
NAMED_UNIT(#4787)
PLANE_ANGLE_UNIT()
);
#4787=DIMENSIONAL_EXPONENTS(0.,0.,0.,0.,0.,0.,0.);
#4788=PLANE_ANGLE_MEASURE_WITH_UNIT(PLANE_ANGLE_MEASURE(0.0174532925),#4789);
#4789=(
NAMED_UNIT(*)
PLANE_ANGLE_UNIT()
SI_UNIT($,.RADIAN.)
);
#4790=(
LENGTH_UNIT()
NAMED_UNIT(*)
SI_UNIT(.MILLI.,.METRE.)
);
ENDSEC;
END-ISO-10303-21;
